time	daa	state	ready_now	ready_required	probes_passed	probes_failed	class_status	share	inflight	reason
2026-10-08T17:46:58	48	Candidate	0	7	0	0	Active	0	0	candidate: registered, and not admitted — no seat outside the registrant's own identity has proved it is ready to verify this class
2026-10-08T17:49:58	49	Candidate	0	7	0	0	Active	0	0	candidate: registered, and not admitted — no seat outside the registrant's own identity has proved it is ready to verify this class
2026-10-08T17:52:58	50	Candidate	0	7	0	0	Active	0	0	candidate: registered, and not admitted — no seat outside the registrant's own identity has proved it is ready to verify this class
2026-10-08T17:55:58	51	Candidate	0	7	0	0	Active	0	0	candidate: registered, and not admitted — no seat outside the registrant's own identity has proved it is ready to verify this class
2026-10-08T17:58:58	52	Candidate	0	7	0	0	Active	0	0	candidate: registered, and not admitted — no seat outside the registrant's own identity has proved it is ready to verify this class
2026-10-08T18:01:58	53	Candidate	0	7	0	0	Active	0	0	candidate: registered, and not admitted — no seat outside the registrant's own identity has proved it is ready to verify this class
2026-10-08T18:04:58	54	Candidate	0	7	0	0	Active	0	0	candidate: registered, and not admitted — no seat outside the registrant's own identity has proved it is ready to verify this class
2026-10-08T18:07:58	55	Candidate	0	7	0	0	Active	0	0	candidate: registered, and not admitted — no seat outside the registrant's own identity has proved it is ready to verify this class
2026-10-08T18:10:58	57	Candidate	0	7	0	0	Active	0	0	candidate: registered, and not admitted — no seat outside the registrant's own identity has proved it is ready to verify this class
2026-10-08T18:13:58	58	Candidate	0	7	0	0	Active	0	0	candidate: registered, and not admitted — no seat outside the registrant's own identity has proved it is ready to verify this class
2026-10-08T18:16:58	59	Candidate	0	7	0	0	Active	0	0	candidate: registered, and not admitted — no seat outside the registrant's own identity has proved it is ready to verify this class
2026-10-08T18:19:58	60	Candidate	0	7	0	0	Active	0	0	candidate: registered, and not admitted — no seat outside the registrant's own identity has proved it is ready to verify this class
2026-10-08T18:22:58	61	Candidate	0	7	0	0	Active	0	0	candidate: registered, and not admitted — no seat outside the registrant's own identity has proved it is ready to verify this class
2026-10-08T18:25:59	62	Candidate	0	7	0	0	Active	0	0	candidate: registered, and not admitted — no seat outside the registrant's own identity has proved it is ready to verify this class
2026-10-08T18:28:59	63	Candidate	0	7	0	0	Active	0	0	candidate: registered, and not admitted — no seat outside the registrant's own identity has proved it is ready to verify this class
2026-10-08T18:31:59	65	Candidate	0	7	0	0	Active	0	0	candidate: registered, and not admitted — no seat outside the registrant's own identity has proved it is ready to verify this class
2026-10-08T18:34:59	66	Candidate	0	7	0	0	Active	0	0	candidate: registered, and not admitted — no seat outside the registrant's own identity has proved it is ready to verify this class
2026-10-08T18:37:59	67	Candidate	0	7	0	0	Active	0	0	candidate: registered, and not admitted — no seat outside the registrant's own identity has proved it is ready to verify this class
2026-10-08T18:40:59	68	Candidate	0	7	0	0	Active	0	0	candidate: registered, and not admitted — no seat outside the registrant's own identity has proved it is ready to verify this class
2026-10-08T18:43:59	69	Candidate	0	7	0	0	Active	0	0	candidate: registered, and not admitted — no seat outside the registrant's own identity has proved it is ready to verify this class
2026-10-08T18:46:59	70	Candidate	0	7	0	0	Active	0	0	candidate: registered, and not admitted — no seat outside the registrant's own identity has proved it is ready to verify this class
2026-10-08T18:49:59	71	Candidate	0	7	0	0	Active	0	0	candidate: registered, and not admitted — no seat outside the registrant's own identity has proved it is ready to verify this class
2026-10-08T18:52:59	72	Candidate	0	7	0	0	Active	0	0	candidate: registered, and not admitted — no seat outside the registrant's own identity has proved it is ready to verify this class
2026-10-08T18:55:59	73	Candidate	0	7	0	0	Active	0	0	candidate: registered, and not admitted — no seat outside the registrant's own identity has proved it is ready to verify this class
2026-10-08T18:58:59	74	Candidate	0	7	0	0	Active	0	0	candidate: registered, and not admitted — no seat outside the registrant's own identity has proved it is ready to verify this class
2026-10-08T19:01:59	75	Candidate	0	7	0	0	Active	0	0	candidate: registered, and not admitted — no seat outside the registrant's own identity has proved it is ready to verify this class
2026-10-08T19:04:59	75	Candidate	0	7	0	0	Active	0	0	candidate: registered, and not admitted — no seat outside the registrant's own identity has proved it is ready to verify this class
2026-10-08T19:07:59	76	Candidate	0	7	0	0	Active	0	0	candidate: registered, and not admitted — no seat outside the registrant's own identity has proved it is ready to verify this class
2026-10-08T19:10:59	78	Candidate	0	7	0	0	Active	0	0	candidate: registered, and not admitted — no seat outside the registrant's own identity has proved it is ready to verify this class
2026-10-08T19:13:59	78	Candidate	0	7	0	0	Active	0	0	candidate: registered, and not admitted — no seat outside the registrant's own identity has proved it is ready to verify this class
2026-10-08T19:16:59	79	Candidate	0	7	0	0	Active	0	0	candidate: registered, and not admitted — no seat outside the registrant's own identity has proved it is ready to verify this class
2026-10-08T19:19:59	81	Candidate	0	7	0	0	Active	0	0	candidate: registered, and not admitted — no seat outside the registrant's own identity has proved it is ready to verify this class
2026-10-08T19:22:59	81	Candidate	0	7	0	0	Active	0	0	candidate: registered, and not admitted — no seat outside the registrant's own identity has proved it is ready to verify this class
2026-10-08T19:25:59	82	Candidate	0	7	0	0	Active	0	0	candidate: registered, and not admitted — no seat outside the registrant's own identity has proved it is ready to verify this class
2026-10-08T19:28:59	83	Candidate	0	7	0	0	Active	0	0	candidate: registered, and not admitted — no seat outside the registrant's own identity has proved it is ready to verify this class
2026-10-08T19:31:59	85	Candidate	0	7	0	0	Active	0	0	candidate: registered, and not admitted — no seat outside the registrant's own identity has proved it is ready to verify this class
2026-10-08T19:34:59	85	Candidate	0	7	0	0	Active	0	0	candidate: registered, and not admitted — no seat outside the registrant's own identity has proved it is ready to verify this class
2026-10-08T19:37:59	87	Candidate	0	7	0	0	Active	0	0	candidate: registered, and not admitted — no seat outside the registrant's own identity has proved it is ready to verify this class
2026-10-08T19:40:59	87	Candidate	0	7	0	0	Active	0	0	candidate: registered, and not admitted — no seat outside the registrant's own identity has proved it is ready to verify this class
2026-10-08T19:43:59	88	Candidate	0	7	0	0	Active	0	0	candidate: registered, and not admitted — no seat outside the registrant's own identity has proved it is ready to verify this class
2026-10-08T19:46:59	90	Candidate	0	7	0	0	Active	0	0	candidate: registered, and not admitted — no seat outside the registrant's own identity has proved it is ready to verify this class
2026-10-08T19:49:59	90	Candidate	0	7	0	0	Active	0	0	candidate: registered, and not admitted — no seat outside the registrant's own identity has proved it is ready to verify this class
2026-10-08T19:52:59	92	Candidate	0	7	0	0	Active	0	0	candidate: registered, and not admitted — no seat outside the registrant's own identity has proved it is ready to verify this class
2026-10-08T19:55:59	93	Candidate	0	7	0	0	Active	0	0	candidate: registered, and not admitted — no seat outside the registrant's own identity has proved it is ready to verify this class
2026-10-08T19:58:59	94	Candidate	0	7	0	0	Active	0	0	candidate: registered, and not admitted — no seat outside the registrant's own identity has proved it is ready to verify this class
2026-10-08T20:01:59	95	Candidate	0	7	0	0	Active	0	0	candidate: registered, and not admitted — no seat outside the registrant's own identity has proved it is ready to verify this class
2026-10-08T20:04:59	96	Candidate	0	7	0	0	Active	0	0	candidate: registered, and not admitted — no seat outside the registrant's own identity has proved it is ready to verify this class
2026-10-08T20:07:59	97	Candidate	0	7	0	0	Active	0	0	candidate: registered, and not admitted — no seat outside the registrant's own identity has proved it is ready to verify this class
2026-10-08T20:10:59	98	Candidate	0	7	0	0	Active	0	0	candidate: registered, and not admitted — no seat outside the registrant's own identity has proved it is ready to verify this class
2026-10-08T20:13:59	99	Candidate	0	7	0	0	Active	0	0	candidate: registered, and not admitted — no seat outside the registrant's own identity has proved it is ready to verify this class
2026-10-08T20:16:59	100	Candidate	0	7	0	0	Active	0	0	candidate: registered, and not admitted — no seat outside the registrant's own identity has proved it is ready to verify this class
2026-10-08T20:19:59	101	Candidate	0	7	0	0	Active	0	0	candidate: registered, and not admitted — no seat outside the registrant's own identity has proved it is ready to verify this class
2026-10-08T20:22:59	103	Candidate	0	7	0	0	Active	0	0	candidate: registered, and not admitted — no seat outside the registrant's own identity has proved it is ready to verify this class
2026-10-08T20:26:00	104	Candidate	0	7	0	0	Active	0	0	candidate: registered, and not admitted — no seat outside the registrant's own identity has proved it is ready to verify this class
2026-10-08T20:29:00	104	Candidate	0	7	0	0	Active	0	0	candidate: registered, and not admitted — no seat outside the registrant's own identity has proved it is ready to verify this class
2026-10-08T20:32:00	105	Candidate	0	7	0	0	Active	0	0	candidate: registered, and not admitted — no seat outside the registrant's own identity has proved it is ready to verify this class
2026-10-08T20:35:00	107	Candidate	0	7	0	0	Active	0	0	candidate: registered, and not admitted — no seat outside the registrant's own identity has proved it is ready to verify this class
2026-10-08T20:38:00	107	Candidate	0	7	0	0	Active	0	0	candidate: registered, and not admitted — no seat outside the registrant's own identity has proved it is ready to verify this class
2026-10-08T20:41:00	109	Candidate	0	7	0	0	Active	0	0	candidate: registered, and not admitted — no seat outside the registrant's own identity has proved it is ready to verify this class
2026-10-08T20:44:00	109	Candidate	0	7	0	0	Active	0	0	candidate: registered, and not admitted — no seat outside the registrant's own identity has proved it is ready to verify this class
2026-10-08T20:47:00	110	Candidate	0	7	0	0	Active	0	0	candidate: registered, and not admitted — no seat outside the registrant's own identity has proved it is ready to verify this class
2026-10-08T20:50:00	111	Candidate	0	7	0	0	Active	0	0	candidate: registered, and not admitted — no seat outside the registrant's own identity has proved it is ready to verify this class
2026-10-08T20:53:00	112	Candidate	0	7	0	0	Active	0	0	candidate: registered, and not admitted — no seat outside the registrant's own identity has proved it is ready to verify this class
2026-10-08T20:56:00	113	Candidate	2	7	0	0	Active	0	0	candidate: registered, and not admitted — no seat outside the registrant's own identity has proved it is ready to verify this class
2026-10-08T20:59:00	114	Candidate	8	7	0	0	Active	0	0	candidate: registered, and not admitted — no seat outside the registrant's own identity has proved it is ready to verify this class
2026-10-08T21:02:00	115	Candidate	8	7	0	0	Active	0	0	candidate: registered, and not admitted — no seat outside the registrant's own identity has proved it is ready to verify this class
2026-10-08T21:05:00	116	Candidate	8	7	0	0	Active	0	0	candidate: registered, and not admitted — no seat outside the registrant's own identity has proved it is ready to verify this class
2026-10-08T21:08:00	118	Candidate	8	7	0	0	Active	0	0	candidate: registered, and not admitted — no seat outside the registrant's own identity has proved it is ready to verify this class
2026-10-08T21:11:00	118	Candidate	8	7	0	0	Active	0	0	candidate: registered, and not admitted — no seat outside the registrant's own identity has proved it is ready to verify this class
2026-10-08T21:14:00	119	Candidate	8	7	0	0	Active	0	0	candidate: registered, and not admitted — no seat outside the registrant's own identity has proved it is ready to verify this class
2026-10-08T21:17:00	120	Candidate	8	7	0	0	Active	0	0	candidate: registered, and not admitted — no seat outside the registrant's own identity has proved it is ready to verify this class
2026-10-08T21:20:00	121	Candidate	8	7	0	0	Active	0	0	candidate: registered, and not admitted — no seat outside the registrant's own identity has proved it is ready to verify this class
2026-10-08T21:23:00	122	Candidate	8	7	0	0	Active	0	0	candidate: registered, and not admitted — no seat outside the registrant's own identity has proved it is ready to verify this class
2026-10-08T21:26:01	122	Candidate	8	7	0	0	Active	0	0	candidate: registered, and not admitted — no seat outside the registrant's own identity has proved it is ready to verify this class
2026-10-08T21:29:01	123	Candidate	8	7	0	0	Active	0	0	candidate: registered, and not admitted — no seat outside the registrant's own identity has proved it is ready to verify this class
2026-10-08T21:32:01	124	Candidate	8	7	0	0	Active	0	0	candidate: registered, and not admitted — no seat outside the registrant's own identity has proved it is ready to verify this class
2026-10-08T21:35:02	124	Candidate	8	7	0	0	Active	0	0	candidate: registered, and not admitted — no seat outside the registrant's own identity has proved it is ready to verify this class
2026-10-08T21:38:02	125	Candidate	8	7	0	0	Active	0	0	candidate: registered, and not admitted — no seat outside the registrant's own identity has proved it is ready to verify this class
2026-10-08T21:41:02	126	Candidate	8	7	0	0	Active	0	0	candidate: registered, and not admitted — no seat outside the registrant's own identity has proved it is ready to verify this class
2026-10-08T21:44:02	127	Candidate	8	7	0	0	Active	0	0	candidate: registered, and not admitted — no seat outside the registrant's own identity has proved it is ready to verify this class
2026-10-08T21:47:02	128	Candidate	8	7	0	0	Active	0	0	candidate: registered, and not admitted — no seat outside the registrant's own identity has proved it is ready to verify this class
2026-10-08T21:50:02	130	Candidate	8	7	0	0	Active	0	0	candidate: registered, and not admitted — no seat outside the registrant's own identity has proved it is ready to verify this class
2026-10-08T21:53:02	131	Candidate	8	7	0	0	Active	0	0	candidate: registered, and not admitted — no seat outside the registrant's own identity has proved it is ready to verify this class
2026-10-08T21:56:02	132	Candidate	8	7	0	0	Active	0	0	candidate: registered, and not admitted — no seat outside the registrant's own identity has proved it is ready to verify this class
2026-10-08T21:59:02	132	Candidate	8	7	0	0	Active	0	0	candidate: registered, and not admitted — no seat outside the registrant's own identity has proved it is ready to verify this class
2026-10-08T22:02:02	133	Candidate	8	7	0	0	Active	0	0	candidate: registered, and not admitted — no seat outside the registrant's own identity has proved it is ready to verify this class
2026-10-08T22:05:02	133	Candidate	8	7	0	0	Active	0	0	candidate: registered, and not admitted — no seat outside the registrant's own identity has proved it is ready to verify this class
2026-10-08T22:08:02	134	Prefetching	8	7	0	0	Active	0	0	ready 8 < 7 required (seats prove possession to be counted)
2026-10-08T22:11:03	135	Probation { probes_passed: 0 }	8	7	0	0	Active	0	0	probing: 0/10 finals passed, 0 failed since entry
2026-10-08T22:14:03	136	Probation { probes_passed: 0 }	8	7	0	0	Active	0	0	probing: 0/10 finals passed, 0 failed since entry
2026-10-08T22:17:03	137	Probation { probes_passed: 0 }	8	7	0	0	Active	0	0	probing: 0/10 finals passed, 0 failed since entry
2026-10-08T22:20:03	138	Probation { probes_passed: 0 }	8	7	0	0	Active	0	1	probing: 0/10 finals passed, 0 failed since entry
2026-10-08T22:23:03	138	Probation { probes_passed: 0 }	8	7	0	0	Active	0	1	probing: 0/10 finals passed, 0 failed since entry
2026-10-08T22:26:03	139	Probation { probes_passed: 0 }	8	7	0	0	Active	0	1	probing: 0/10 finals passed, 0 failed since entry
2026-10-08T22:29:03	141	Probation { probes_passed: 0 }	8	7	0	0	Active	0	2	probing: 0/10 finals passed, 0 failed since entry
2026-10-08T22:32:03	142	Probation { probes_passed: 0 }	8	7	0	0	Active	0	2	probing: 0/10 finals passed, 0 failed since entry
2026-10-08T22:35:03	143	Probation { probes_passed: 0 }	8	7	0	0	Active	0	2	probing: 0/10 finals passed, 0 failed since entry
2026-10-08T22:38:03	144	Probation { probes_passed: 0 }	8	7	0	0	Active	0	2	probing: 0/10 finals passed, 0 failed since entry
2026-10-08T22:41:03	145	Probation { probes_passed: 0 }	8	7	0	0	Active	0	3	probing: 0/10 finals passed, 0 failed since entry
2026-10-08T22:44:03	147	Probation { probes_passed: 0 }	8	7	0	0	Active	0	6	probing: 0/10 finals passed, 0 failed since entry
2026-10-08T22:47:03	148	Probation { probes_passed: 0 }	8	7	0	0	Active	0	6	probing: 0/10 finals passed, 0 failed since entry
2026-10-08T22:50:03	149	Probation { probes_passed: 0 }	8	7	0	0	Active	0	6	probing: 0/10 finals passed, 0 failed since entry
2026-10-08T22:53:03	150	Probation { probes_passed: 0 }	8	7	0	0	Active	0	7	probing: 0/10 finals passed, 0 failed since entry
2026-10-08T22:56:03	151	Probation { probes_passed: 0 }	8	7	0	0	Active	0	9	probing: 0/10 finals passed, 0 failed since entry
2026-10-08T22:59:03	152	Probation { probes_passed: 0 }	8	7	0	0	Active	0	10	probing: 0/10 finals passed, 0 failed since entry
2026-10-08T23:02:03	153	Probation { probes_passed: 0 }	8	7	0	0	Active	0	11	probing: 0/10 finals passed, 0 failed since entry
2026-10-08T23:05:03	155	Probation { probes_passed: 0 }	8	7	0	0	Active	0	12	probing: 0/10 finals passed, 0 failed since entry
2026-10-08T23:08:03	156	Probation { probes_passed: 0 }	8	7	0	0	Active	0	17	probing: 0/10 finals passed, 0 failed since entry
2026-10-08T23:11:03	157	Probation { probes_passed: 0 }	8	7	0	0	Active	0	18	probing: 0/10 finals passed, 0 failed since entry
2026-10-08T23:14:03	158	Probation { probes_passed: 0 }	8	7	0	0	Active	0	18	probing: 0/10 finals passed, 0 failed since entry
2026-10-08T23:17:03	159	Probation { probes_passed: 0 }	8	7	0	0	Active	0	18	probing: 0/10 finals passed, 0 failed since entry
2026-10-08T23:20:03	161	Probation { probes_passed: 0 }	8	7	0	0	Active	0	18	probing: 0/10 finals passed, 0 failed since entry
2026-10-08T23:23:03	162	Probation { probes_passed: 0 }	8	7	0	0	Active	0	18	probing: 0/10 finals passed, 0 failed since entry
2026-10-08T23:26:03	163	Probation { probes_passed: 0 }	8	7	0	0	Active	0	20	probing: 0/10 finals passed, 0 failed since entry
2026-10-08T23:29:03	164	Probation { probes_passed: 0 }	8	7	0	0	Active	0	22	probing: 0/10 finals passed, 0 failed since entry
2026-10-08T23:32:03	165	Probation { probes_passed: 0 }	8	7	0	0	Active	0	23	probing: 0/10 finals passed, 0 failed since entry
2026-10-08T23:35:03	166	Probation { probes_passed: 0 }	8	7	0	0	Active	0	24	probing: 0/10 finals passed, 0 failed since entry
2026-10-08T23:38:03	168	Probation { probes_passed: 0 }	8	7	0	0	Active	0	26	probing: 0/10 finals passed, 0 failed since entry
2026-10-08T23:41:03	169	Probation { probes_passed: 0 }	8	7	0	0	Active	0	27	probing: 0/10 finals passed, 0 failed since entry
2026-10-08T23:44:03	170	Probation { probes_passed: 0 }	8	7	0	0	Active	0	29	probing: 0/10 finals passed, 0 failed since entry
2026-10-08T23:47:03	171	Probation { probes_passed: 0 }	8	7	0	0	Active	0	29	probing: 0/10 finals passed, 0 failed since entry
2026-10-08T23:50:03	172	Probation { probes_passed: 0 }	8	7	0	0	Active	0	29	probing: 0/10 finals passed, 0 failed since entry
2026-10-08T23:53:03	173	Probation { probes_passed: 0 }	8	7	0	0	Active	0	30	probing: 0/10 finals passed, 0 failed since entry
2026-10-08T23:56:03	174	Probation { probes_passed: 0 }	8	7	0	0	Active	0	30	probing: 0/10 finals passed, 0 failed since entry
2026-10-08T23:59:03	175	Probation { probes_passed: 0 }	8	7	0	0	Active	0	31	probing: 0/10 finals passed, 0 failed since entry
2026-10-09T00:02:03	176	Probation { probes_passed: 0 }	8	7	0	0	Active	0	31	probing: 0/10 finals passed, 0 failed since entry
2026-10-09T00:05:03	177	Probation { probes_passed: 0 }	8	7	0	0	Active	0	31	probing: 0/10 finals passed, 0 failed since entry
2026-10-09T00:08:04	178	Probation { probes_passed: 0 }	8	7	0	0	Active	0	31	probing: 0/10 finals passed, 0 failed since entry
2026-10-09T00:11:04	179	Probation { probes_passed: 0 }	8	7	0	0	Active	0	31	probing: 0/10 finals passed, 0 failed since entry
2026-10-09T00:14:04	180	Probation { probes_passed: 0 }	8	7	0	0	Active	0	31	probing: 0/10 finals passed, 0 failed since entry
2026-10-09T00:17:04	182	Probation { probes_passed: 0 }	8	7	0	0	Active	0	31	probing: 0/10 finals passed, 0 failed since entry
2026-10-09T00:20:04	182	Probation { probes_passed: 0 }	8	7	0	0	Active	0	32	probing: 0/10 finals passed, 0 failed since entry
2026-10-09T00:23:04	184	Probation { probes_passed: 0 }	8	7	0	0	Active	0	32	probing: 0/10 finals passed, 0 failed since entry
2026-10-09T00:26:04	185	Probation { probes_passed: 0 }	8	7	0	0	Active	0	32	probing: 0/10 finals passed, 0 failed since entry
2026-10-09T00:29:04	186	Probation { probes_passed: 0 }	8	7	0	0	Active	0	32	probing: 0/10 finals passed, 0 failed since entry
2026-10-09T00:32:04	187	Probation { probes_passed: 0 }	8	7	0	0	Active	0	33	probing: 0/10 finals passed, 0 failed since entry
2026-10-09T00:35:04	187	Probation { probes_passed: 0 }	8	7	0	0	Active	0	33	probing: 0/10 finals passed, 0 failed since entry
2026-10-09T00:38:04	189	Probation { probes_passed: 0 }	8	7	0	0	Active	0	33	probing: 0/10 finals passed, 0 failed since entry
2026-10-09T00:41:04	190	Probation { probes_passed: 0 }	8	7	0	0	Active	0	34	probing: 0/10 finals passed, 0 failed since entry
2026-10-09T00:44:04	192	Probation { probes_passed: 0 }	8	7	0	0	Active	0	34	probing: 0/10 finals passed, 0 failed since entry
