descriptor_digest	4fa5621e07f75fe493421315de0373eac6982fdd40e33a9481b93c420cb9bd6f027baa3e56b04a88ccb431698d2d67462d751c60c85bee9aef51c08de4a9ae6b
program_root	a1360976cdff92e473dff36769bf468140e4fb5a03150ed3be67d7af3ca72d0a5e21f4d1bf70aa4e39678aa5d6d82bdb499556f3b01999be362adb9e7a560f3d
plan_root	0e31e5b93b6088bcb5b2b7a2e61faa9aecee0c9d62f9fe51a5d303367a3e762cec4b4a9b79c237bbb7e760b6d2679ecad9182f97088e29d4b3443d999fcd2dd2
positions	32
plan_worst_court_bytes	629606
plan_worst_court_work	473589248
priced_work	occurrence	block	node	primitive	withheld	whole_bytes	whole_work	priced_bytes
473589248	29	2	30	Gather { axis: 0, batch_dims: 0 }	true	629606	473589248	629606
278695936	29	2	29	Clamp { lo: 0, hi: 62 }	true	172176	278695936	172176
163932416	1	1	253	Reshape	true	21929	163932416	21929
163932416	2	1	253	Reshape	true	21929	163932416	21929
163932416	3	1	253	Reshape	true	21929	163932416	21929
163932416	4	1	253	Reshape	true	21929	163932416	21929
163932416	5	1	253	Reshape	true	21929	163932416	21929
163932416	6	1	253	Reshape	true	21929	163932416	21929
163932416	7	1	253	Reshape	true	21929	163932416	21929
163932416	8	1	253	Reshape	true	21929	163932416	21929
163932416	9	1	253	Reshape	true	21929	163932416	21929
163932416	10	1	253	Reshape	true	21929	163932416	21929
163932416	11	1	253	Reshape	true	21929	163932416	21929
163932416	12	1	253	Reshape	true	21929	163932416	21929
163932416	13	1	253	Reshape	true	21929	163932416	21929
163932416	14	1	253	Reshape	true	21929	163932416	21929
163932416	15	1	253	Reshape	true	21929	163932416	21929
163932416	16	1	253	Reshape	true	21929	163932416	21929
163932416	17	1	253	Reshape	true	21929	163932416	21929
163932416	18	1	253	Reshape	true	21929	163932416	21929
