plan_worst_court_bytes	629606
plan_worst_court_work	629171712
priced_work	occurrence	block	node	primitive	withheld	whole_bytes	whole_work	priced_bytes
629171712	29	2	30	Gather { axis: 0, batch_dims: 0 }	true	629606	629171712	629606
278695936	29	2	29	Clamp { lo: 0, hi: 62 }	true	172176	278695936	172176
163932416	1	1	253	Reshape	true	21929	163932416	21929
163932416	2	1	253	Reshape	true	21929	163932416	21929
163932416	3	1	253	Reshape	true	21929	163932416	21929
163932416	4	1	253	Reshape	true	21929	163932416	21929
163932416	5	1	253	Reshape	true	21929	163932416	21929
163932416	6	1	253	Reshape	true	21929	163932416	21929
163932416	7	1	253	Reshape	true	21929	163932416	21929
163932416	8	1	253	Reshape	true	21929	163932416	21929
163932416	9	1	253	Reshape	true	21929	163932416	21929
163932416	10	1	253	Reshape	true	21929	163932416	21929
163932416	11	1	253	Reshape	true	21929	163932416	21929
163932416	12	1	253	Reshape	true	21929	163932416	21929
163932416	13	1	253	Reshape	true	21929	163932416	21929
163932416	14	1	253	Reshape	true	21929	163932416	21929
163932416	15	1	253	Reshape	true	21929	163932416	21929
163932416	16	1	253	Reshape	true	21929	163932416	21929
163932416	17	1	253	Reshape	true	21929	163932416	21929
163932416	18	1	253	Reshape	true	21929	163932416	21929
