# The live testnet-12 build's wire types (int-12, `rcore/int-12` @ 0b1c11b87): `<path>::<item>`<TAB>FNV-1a of its
# declaration without comments, `#[cfg(test)]` items and whitespace (`wire_types_of`: Borsh-derived structs and enums,
# hand-written BorshDeserialize impls, `#[repr(uN)]` tag enums). Frozen; never regenerated against a newer tree.
consensus/core/src/dns_finality.rs::AttestationRewardPayout	5108d3be1dd75311
consensus/core/src/dns_finality.rs::BlockOverlayContribution	a1921205d16b3794
consensus/core/src/dns_finality.rs::BlockTemplatePolicy	fd76edb3c66380e6
consensus/core/src/dns_finality.rs::BondStatus	bc6d04b4cdb780e6
consensus/core/src/dns_finality.rs::DnsConfirmation	8dd2e99cf2d0cf7d
consensus/core/src/dns_finality.rs::DnsHealth	c516ffdf3a64d3a9
consensus/core/src/dns_finality.rs::DnsParams	9379e9638da793c0
consensus/core/src/dns_finality.rs::DnsReorgMode	780b9bcda9e32c04
consensus/core/src/dns_finality.rs::DnsRolloutStage	3b2cf7b656897537
consensus/core/src/dns_finality.rs::DnsState	5e3cd0ff29675b6d
consensus/core/src/dns_finality.rs::EpochStakeTally	25234fb11851cbd4
consensus/core/src/dns_finality.rs::EpochTally	954a5f6bc86e413e
consensus/core/src/dns_finality.rs::FeeSplit	8f15c270d4285110
consensus/core/src/dns_finality.rs::FeeSplitParams	8058427da3265111
consensus/core/src/dns_finality.rs::OverlaySnapshot	6b88cbb99c204b42
consensus/core/src/dns_finality.rs::PrecommitEvidencePayload	3390bc467e88dbd2
consensus/core/src/dns_finality.rs::PruningPointOverlaySnapshot	959290b9c721f70c
consensus/core/src/dns_finality.rs::RewardParams	07b37244d7ddb3bb
consensus/core/src/dns_finality.rs::SignedEpochCheckOutcome	76d7bff36cd7ee6c
consensus/core/src/dns_finality.rs::SignedEpochRecord	325abbbfd3eb9505
consensus/core/src/dns_finality.rs::SignerAuditCheckpoint	bee48cbaf2807717
consensus/core/src/dns_finality.rs::SignerAuditRecord	795625fabd37d01a
consensus/core/src/dns_finality.rs::SignerError	0e8e6743c80db3cf
consensus/core/src/dns_finality.rs::SignerHello	6c49b454d06f60e1
consensus/core/src/dns_finality.rs::SignerHelloAck	bb3d14bccad018f8
consensus/core/src/dns_finality.rs::SignerMessageDigest	f3f5555037191497
consensus/core/src/dns_finality.rs::SignerMetadata	2a76702a3597bd9f
consensus/core/src/dns_finality.rs::SignerOutcome	0d948a318683479d
consensus/core/src/dns_finality.rs::SignerPolicy	5ad4c86cc3b7433b
consensus/core/src/dns_finality.rs::SignerRequest	554519a2ea310d6f
consensus/core/src/dns_finality.rs::SignerResponse	a967449e84b8eeca
consensus/core/src/dns_finality.rs::SigningPurpose	1676f28e2f684f39
consensus/core/src/dns_finality.rs::SlashingDistribution	5e92f1055cf0ed20
consensus/core/src/dns_finality.rs::SlashingEvidencePayload	a18e5fb612a3b6b9
consensus/core/src/dns_finality.rs::StakeAttestation	fa030643f643f714
consensus/core/src/dns_finality.rs::StakeAttestationShardPayload	fe081a7915b2be98
consensus/core/src/dns_finality.rs::StakeBondPayload	ca90f8fc2c4130f3
consensus/core/src/dns_finality.rs::StakeBondRecord	263a9c674ba28eb3
consensus/core/src/dns_finality.rs::StakePrecommitPayload	23917482c467c929
consensus/core/src/dns_finality.rs::StakeScore	b8445ce44284d9ab
consensus/core/src/dns_finality.rs::StakeUnbondRequestPayload	224b6615d8bd6687
consensus/core/src/dns_finality.rs::SubsidySplit	139334c963c38cf3
consensus/core/src/dns_finality.rs::TakeoverToken	4adfcbd0b87cfa37
consensus/core/src/dns_finality.rs::ValidatorRecord	f5e1489829b51bc7
consensus/core/src/dns_finality.rs::ValidatorSetSnapshot	caa7d1c2df8d1aa8
consensus/core/src/dns_finality.rs::ValidatorStatus	de0b94232b2fce8c
consensus/core/src/evm/log_index.rs::LogPostingKind	e9f0e5faea9d64fa
consensus/core/src/evm/mod.rs::AccountChange	3dcc3a57a65c3d50
consensus/core/src/evm/mod.rs::AccountCore	57287775d62f8b9e
consensus/core/src/evm/mod.rs::CanonicalEvmHeads	3476fda16c94bac4
consensus/core/src/evm/mod.rs::DepositClaim	fc124463303046cc
consensus/core/src/evm/mod.rs::EvmAccountSnapshot	b93f741b25285480
consensus/core/src/evm/mod.rs::EvmAddress	45eb2d860d6f4983
consensus/core/src/evm/mod.rs::EvmBlockReceipts	eca0b0ef5df273ff
consensus/core/src/evm/mod.rs::EvmBloom	788fe023111cd8eb
consensus/core/src/evm/mod.rs::EvmCandidateOutcome	912bca779a9160cc
consensus/core/src/evm/mod.rs::EvmDepositLockRecord	941e23201bfe8dde
consensus/core/src/evm/mod.rs::EvmExecutionHeader	940f2641973e3dc8
consensus/core/src/evm/mod.rs::EvmExecutionPayload	24abaa5fe9f5f4df
consensus/core/src/evm/mod.rs::EvmExecutionResult	b518e63d4e89b99b
consensus/core/src/evm/mod.rs::EvmHistoryMode	354c094f71f21ed0
consensus/core/src/evm/mod.rs::EvmLatestStatePtr	2b3016efe053e9d4
consensus/core/src/evm/mod.rs::EvmLog	3d04413caa95411f
consensus/core/src/evm/mod.rs::EvmRawTx	ca7213b33fd554b7
consensus/core/src/evm/mod.rs::EvmReceipt	1bb8de4993a67a5a
consensus/core/src/evm/mod.rs::EvmReplayEnv	f7397153ae2ef25f
consensus/core/src/evm/mod.rs::EvmReplayTx	aee43d54e1581219
consensus/core/src/evm/mod.rs::EvmStateCheckpointV1	02df351dbf857aeb
consensus/core/src/evm/mod.rs::EvmStateDiffV2	506b3ded0246e06c
consensus/core/src/evm/mod.rs::EvmStateSnapshot	370ae1424ed25b8d
consensus/core/src/evm/mod.rs::EvmSystemOp	5f5bb58af23aa8e7
consensus/core/src/evm/mod.rs::EvmTraceReplayBodyV1	cfc5480f0c94c4ee
consensus/core/src/evm/mod.rs::EvmTxLocations	00ec7748e7a4d03a
consensus/core/src/evm/mod.rs::FlatAccount	be58df831a5eff6f
consensus/core/src/evm/mod.rs::StorageChange	e9e73bec4e680097
consensus/core/src/evm/mod.rs::WithdrawOp	3dba284fec3b0c0b
consensus/core/src/evm/model_market.rs::PalwEvmMarketActionKindV1	0f8982403828a2a7
consensus/core/src/evm/model_market.rs::PalwEvmMarketActionV1	60597cc2cd151969
consensus/core/src/evm/model_market.rs::PalwEvmSettlementOutcomeV1	e646fbb4e32efb34
consensus/core/src/evm/model_market.rs::PalwEvmSettlementV1	99ca99ee5f2bdb4f
consensus/core/src/evm/u256.rs::EvmU256	2613a724d2782cd3
consensus/core/src/header.rs::CompressedParents	114a3ebfbe47896f
consensus/core/src/header.rs::Header	ce9a0a232c45120c
consensus/core/src/network.rs::NetworkId	08e09107ad557671
consensus/core/src/network.rs::NetworkType	fe6c880bba6b3e51
consensus/core/src/palw_activation_pool_v1.rs::PalwActivationCreditV1	b899a8b8de6907b4
consensus/core/src/palw_activation_pool_v1.rs::PalwActivationPoolCountersV1	de84b00a5384c4f8
consensus/core/src/palw_activation_pool_v1.rs::PalwActivationPoolV1	f5c4d645594fc6e3
consensus/core/src/palw_adapter_class_v1.rs::PalwAdapterClassListingV1	e29432928d60f5c7
consensus/core/src/palw_admission_v2.rs::PalwAdmissionParamsV2	d2ab3d951fab4d42
consensus/core/src/palw_aggregate_liability_v1.rs::PalwBondFreezeV1	42db3faf99ff6442
consensus/core/src/palw_aggregate_liability_v1.rs::PalwCapacityStepV1	564798b4022a49d3
consensus/core/src/palw_artifact.rs::PalwArtifactMultiproofV1	d087c119700ca840
consensus/core/src/palw_artifact.rs::PalwArtifactOpeningV1	2e7ce9134234cca8
consensus/core/src/palw_artifact.rs::PalwArtifactOperandV1	c4f902307e262fe5
consensus/core/src/palw_attempt_v2.rs::PalwAttemptAnswerV1	eaaa9178997ebd75
consensus/core/src/palw_attempt_v2.rs::PalwAttemptEnvelopeV2	556c21f1ddc2e2c3
consensus/core/src/palw_attempt_v2.rs::PalwAttemptUnsignedV2	3743c91f82e34ea9
consensus/core/src/palw_attn_court_v1.rs::PalwAttnCheckpointAnchorV1	e64dc7b41f741488
consensus/core/src/palw_attn_court_v1.rs::PalwAttnChunkOpeningV1	85a69ca9f487fe03
consensus/core/src/palw_attn_court_v1.rs::PalwAttnDissectBottomV1	aa7a3234875b638a
consensus/core/src/palw_attn_court_v1.rs::PalwAttnDissectChoiceV1	2baa468d363b9e53
consensus/core/src/palw_attn_court_v1.rs::PalwAttnDissectPhaseV1	f877ef03ee836178
consensus/core/src/palw_attn_court_v1.rs::PalwAttnRowOpeningV1	59cc4f01386d6e90
consensus/core/src/palw_attn_court_v1.rs::PalwAttnTileEvidenceV1	82da4b38f46e68ca
consensus/core/src/palw_attn_dissect.rs::PalwAttnDissectRoundV1	c18988885b47a085
consensus/core/src/palw_attn_dissect.rs::PalwAttnRangeClaimV1	9d76ca592a314031
consensus/core/src/palw_attn_dissect.rs::PalwAttnRootClaimV1	e014b1e8f95231ad
consensus/core/src/palw_audit_door_v1.rs::PalwAuditEntryV1	e4c1d8209e765584
consensus/core/src/palw_audit_door_v1.rs::PalwAuditStatusV1	88a4d7a141c69a7a
consensus/core/src/palw_batch_licence_v1.rs::PalwBatchLicenceEntryV1	fcf74cbb8fe11d27
consensus/core/src/palw_batch_licence_v1.rs::PalwBatchSeatReceiptV1	ac5ead1a7de86ed6
consensus/core/src/palw_batch_licence_v1.rs::PalwSeatWindowRootV1	00f45fde30915c19
consensus/core/src/palw_batch_licence_v1.rs::PalwWindowedReceiptV1	20d4c8342c2f4641
consensus/core/src/palw_bisect.rs::PalwBisectDisclosureV1	c2a503b2923b991c
consensus/core/src/palw_bisect.rs::PalwBisectLadderV1	0e32263f6457a63d
consensus/core/src/palw_bisect.rs::PalwBisectNoShowV1	9d17e0f9d0846e34
consensus/core/src/palw_bisect.rs::PalwBisectPartyV1	3c743589c6684077
consensus/core/src/palw_bisect.rs::PalwBisectSpaceV1	b05539e9d2cf6d0e
consensus/core/src/palw_bisect.rs::PalwBisectTurnV1	d5b9f109d4db322b
consensus/core/src/palw_bisect.rs::PalwBisectVerdictV1	a1e1dbf7cbc6c68a
consensus/core/src/palw_bisect.rs::PalwKaryDisclosureV1	2dd7b2a62b1dd0a7
consensus/core/src/palw_bisect.rs::PalwKaryLadderV1	250942c5565dda6c
consensus/core/src/palw_bisect.rs::PalwKaryVerdictV1	18a3877e4009f372
consensus/core/src/palw_block_commitment.rs::PalwBlockCommitmentParamsV1	3de3edf90e514ec1
consensus/core/src/palw_block_commitment.rs::PalwBlockCommitmentV1	be876936f4e88598
consensus/core/src/palw_capacity_formulas_v1.rs::PalwCapacityStepV1	564798b4022a49d3
consensus/core/src/palw_capacity_s567_v1.rs::PalwBondBreakerV1	fc0fe268c5c4a812
consensus/core/src/palw_capacity_s567_v1.rs::PalwCapacityLedgerKeyV1	ab653e3cb418c365
consensus/core/src/palw_capacity_s567_v1.rs::PalwCapacityLedgerRowV1	82b7b7ecb6621fbc
consensus/core/src/palw_capacity_s567_v1.rs::PalwRhoBreakerV1	e14cd48725d10aac
consensus/core/src/palw_carriage.rs::PalwAttestationCarriageV1	d9b3f5f344fde2f7
consensus/core/src/palw_carriage.rs::PalwBisectMoveBodyV1	0b2c454299d72926
consensus/core/src/palw_carriage.rs::PalwBisectMoveCarriageV1	75786226bfc75f2b
consensus/core/src/palw_carriage.rs::PalwCarriageRecord	3cdf772148386341
consensus/core/src/palw_carriage.rs::PalwCarriedEvidenceV1	685c681a7630f06a
consensus/core/src/palw_carriage.rs::PalwCommitmentCarriageV1	8b82495a332fc824
consensus/core/src/palw_carriage.rs::PalwEquivocationCarriageV1	119954e18dc3b3bc
consensus/core/src/palw_carriage.rs::PalwEvidenceChunkCarriageV1	0601d17b7f05e6dc
consensus/core/src/palw_carriage.rs::PalwOpeningAnswerCarriageV1	44402db1b15c1ede
consensus/core/src/palw_carriage.rs::PalwOpeningCallCarriageV1	7301af1b32296057
consensus/core/src/palw_carriage.rs::PalwReceiptCarriageV1	892adc6c254e407b
consensus/core/src/palw_carriage.rs::PalwRefutationCarriageV1	4abcb5e77623ff45
consensus/core/src/palw_carriage.rs::PalwStepConvictionCarriageV1	b52549f85d4f817a
consensus/core/src/palw_carriage.rs::PalwWithheldAuthorshipV1	c0d1e1b06c418578
consensus/core/src/palw_catalog_coverage.rs::PalwCatalogCoverageCertificateV1	2aa2c4989083b1d1
consensus/core/src/palw_catalog_coverage.rs::PalwCataloguedKernelSetV1	e630110dd77ade9c
consensus/core/src/palw_catalog_coverage.rs::PalwReachableKernelSetV1	cb5a1e86fbfc5c80
consensus/core/src/palw_chain_weight.rs::PalwChainWeightParamsV1	833eebdd820598de
consensus/core/src/palw_checkpoint_court_v1.rs::PalwCheckpointAccusationV1	3c0df4364e9e3158
consensus/core/src/palw_class_admission_v2.rs::PalwCourtCostV1	fcef6cac7fc0fe15
consensus/core/src/palw_class_daa.rs::PalwClassDaaParamsV1	f5fac6f0b6edf464
consensus/core/src/palw_class_daa.rs::PalwDifficultyDomainSetV1	659e34645ddac7da
consensus/core/src/palw_clock_cursor_v1.rs::PalwClockCursorV1	3a7522e3fba83978
consensus/core/src/palw_court_v2.rs::PalwCourtVerdictProofV2	9d17160b66f71ce7
consensus/core/src/palw_credit.rs::PalwCreditParamsV1	83f07b1807dddd72
consensus/core/src/palw_credit_batch.rs::PalwFinalizedCreditIndexV3	50a35a33e39b1034
consensus/core/src/palw_credit_batch.rs::PalwFinalizedCreditRecordV3	40361ac4f8853991
consensus/core/src/palw_da_rcore_v1.rs::PalwDaAnswerV1	f1f96950b78ed887
consensus/core/src/palw_da_rcore_v1.rs::PalwDaClaimV1	3474618bb5951c73
consensus/core/src/palw_da_rcore_v1.rs::PalwDaSessionV1	36a845fd3ddf52ba
consensus/core/src/palw_da_rcore_v1.rs::PalwDaStageV1	ab369844d1cb7073
consensus/core/src/palw_da_rcore_v1.rs::PalwDaUnitV1	6a0bb07a7f926b30
consensus/core/src/palw_da_rcore_v1.rs::PalwTirStepAccusationV1	8bd94a324f2e8983
consensus/core/src/palw_decode_constraint_v1.rs::PalwConstraintActionV1	2e7f89d5d7d0e67e
consensus/core/src/palw_decode_constraint_v1.rs::PalwConstraintEdgeV1	e6711644e8418532
consensus/core/src/palw_decode_constraint_v1.rs::PalwConstraintFrameV1	81ee67ea3b191808
consensus/core/src/palw_decode_constraint_v1.rs::PalwConstraintNodeV1	d8810de6b3a26a17
consensus/core/src/palw_decode_constraint_v1.rs::PalwConstraintStackEntryV1	4b0c0fb0a412ae04
consensus/core/src/palw_decode_constraint_v1.rs::PalwConstraintStateV1	cdd703470de2cf03
consensus/core/src/palw_decode_constraint_v1.rs::PalwDecodeConstraintV1	1637e65f5f7e1a96
consensus/core/src/palw_decode_pipeline_v4.rs::DecodeConfigV4	233d20625fb88c6f
consensus/core/src/palw_derived_v1.rs::PalwDerivedArtifactV1	1aca7e3b0017bef3
consensus/core/src/palw_derived_v1.rs::PalwDerivedKeyV1	6d4564bd3db2119a
consensus/core/src/palw_derived_v1.rs::PalwDerivedRowV1	f143162e7e248366
consensus/core/src/palw_derived_v1.rs::PalwFpDslV1	6aa7a679a1c95c3d
consensus/core/src/palw_dispute.rs::PalwClassStatusV3	cd60c28f04a473de
consensus/core/src/palw_dispute.rs::PalwDisputeStateV3	997a2d521900449e
consensus/core/src/palw_dispute.rs::PalwExecutionClassStateV3	d98e44b664349183
consensus/core/src/palw_e2e_adjudicability.rs::PalwE2eCertificateV1	76ab06997657a392
consensus/core/src/palw_e2e_adjudicability.rs::PalwE2eCoveringV1	6c23305e2faa59cf
consensus/core/src/palw_e2e_adjudicability.rs::PalwE2eDrillEvidenceV1	ee26016c9a3cd49f
consensus/core/src/palw_e2e_adjudicability.rs::PalwE2eFamilyV1	9535459d8969842d
consensus/core/src/palw_e2e_adjudicability.rs::PalwE2eFaultVectorV1	8502c9ef736b8e88
consensus/core/src/palw_e2e_adjudicability.rs::PalwE2eFreePromptDrillEvidenceV1	9d26274fb74f7e35
consensus/core/src/palw_e2e_adjudicability.rs::PalwE2eFreePromptQuestionV1	3712e11d86089e1d
consensus/core/src/palw_economic_payout_v1.rs::PalwClaimEconomicsV1	1da1db4f95adaf73
consensus/core/src/palw_economic_safety_v1.rs::PalwLicenceDoorTagV1	4bb454416c0c0e6b
consensus/core/src/palw_economics_ledger_v1.rs::PalwClaimLedgerRowV1	f15ab13dcfb1cbba
consensus/core/src/palw_embedding_pool_v1.rs::PalwEmbeddingPoolV1	6fed63dd9f7b6c93
consensus/core/src/palw_execution_lane_v1.rs::PalwExecBondV1	9989c9bdbdef7d04
consensus/core/src/palw_execution_lane_v1.rs::PalwExecDomainV1	19f932c8896ddac2
consensus/core/src/palw_execution_lane_v1.rs::PalwExecEnvelopeV1	112525d84ad6be25
consensus/core/src/palw_execution_lane_v1.rs::PalwExecEquivocationV1	588825c02415ce08
consensus/core/src/palw_execution_lane_v1.rs::PalwExecFinalV1	dbe7f25b9e8dddeb
consensus/core/src/palw_execution_lane_v1.rs::PalwExecScheduleV1	5e23c6242c9e6429
consensus/core/src/palw_execution_lane_v1.rs::PalwExecSeedAnchorV1	928abe6d297579f3
consensus/core/src/palw_execution_lane_v1.rs::PalwExecSignedRoundV1	ee3f5e371d1235d0
consensus/core/src/palw_execution_lane_v1.rs::PalwExecSnapshotV1	632b8f4370ee6478
consensus/core/src/palw_execution_quanta_v1.rs::PalwExecQuantumV1	88980da2cc75ffd7
consensus/core/src/palw_exposure.rs::PalwExposureParamsV1	4204e1fa4c3e24cf
consensus/core/src/palw_fp_constraint_job_v1.rs::PalwConstrainedDecodeAccusationV1	81b730ad63162e67
consensus/core/src/palw_fp_constraint_job_v1.rs::PalwFpConstraintTailV1	68a00bddf91885bf
consensus/core/src/palw_fp_constraint_job_v1.rs::PalwTokenTableEogOpeningV1	b9d2d24834e64327
consensus/core/src/palw_fp_constraint_job_v1.rs::PalwTokenTableOpeningV1	011a76e2af579a3e
consensus/core/src/palw_fp_constraint_job_v1.rs::PalwTokenTableV1	99931756e2976e9a
consensus/core/src/palw_fp_job_v5.rs::PalwFpV5TailV1	ff8258b5356b06aa
consensus/core/src/palw_fp_job_v5.rs::impl BorshDeserialize for PalwFreePromptJobV5	a6dbf2a3ba9a7da1
consensus/core/src/palw_freeprompt_v3.rs::PalwBeaconFactV3	1684bc1da35e3913
consensus/core/src/palw_freeprompt_v3.rs::PalwFpAnswerV1	8361ea99ba9f911c
consensus/core/src/palw_freeprompt_v3.rs::PalwFpCaptureV1	db8129b28cede2a5
consensus/core/src/palw_freeprompt_v3.rs::PalwFpCommitmentTxPayloadV3	9b7e85486337ff8b
consensus/core/src/palw_freeprompt_v3.rs::PalwFpEmbedRequestV1	24b0197fa320b5cf
consensus/core/src/palw_freeprompt_v3.rs::PalwFpExecutionModeV1	99436e4bd05ab74a
consensus/core/src/palw_freeprompt_v3.rs::PalwFpMaterialV1	cf959b5a2cc42c94
consensus/core/src/palw_freeprompt_v3.rs::PalwFpPrefixStateV1	82b6c95a014985ae
consensus/core/src/palw_freeprompt_v3.rs::PalwFpPromptSegmentV1	dc135e7e445bc2d8
consensus/core/src/palw_freeprompt_v3.rs::PalwFpStopReasonV3	fe639bd4e40bea4a
consensus/core/src/palw_freeprompt_v3.rs::PalwFpWorkerAnswerV1	b95b3644e76cdbd3
consensus/core/src/palw_freeprompt_v3.rs::PalwFpWorkerEmbeddingV1	ac56d5657aaf5abd
consensus/core/src/palw_freeprompt_v3.rs::PalwFpWorkerFrameV1	f59c63b73479559b
consensus/core/src/palw_freeprompt_v3.rs::PalwFpWorkerInputV3	89a5bf7d7ec46aa9
consensus/core/src/palw_freeprompt_v3.rs::PalwFpWorkerManifestV1	3aaebadf454810f8
consensus/core/src/palw_freeprompt_v3.rs::PalwFpWorkerResultV3	08a95a153c19cc6c
consensus/core/src/palw_freeprompt_v3.rs::PalwFreePromptCommitmentEnvelopeV3	cee25915825c6036
consensus/core/src/palw_freeprompt_v3.rs::PalwFreePromptCommitmentV3	26871ec7cb648a74
consensus/core/src/palw_freeprompt_v3.rs::PalwFreePromptParamsV3	8bcc2d806a08752a
consensus/core/src/palw_freeprompt_v3.rs::PalwReceiptSpendEnvelopeV3	2a0165aa7cd3dcc2
consensus/core/src/palw_freeprompt_v3.rs::PalwReceiptSpendUnsignedV3	c0ffd1ab8a09a1c8
consensus/core/src/palw_freeprompt_v3.rs::impl BorshDeserialize for PalwFpWorkerRequestV3	fd5bd413cdeb819b
consensus/core/src/palw_freeprompt_v3.rs::impl BorshDeserialize for PalwFreePromptJobV3	7e57a714d05fa6d9
consensus/core/src/palw_gen_claim_v1.rs::PalwGenJobTailV1	1c5f7b7e396df3ff
consensus/core/src/palw_gen_class_v1.rs::PalwGenAdmissionCarriageV1	db6e996a513efdde
consensus/core/src/palw_gen_class_v1.rs::PalwGenClassRecordV1	e682fe7b484ec103
consensus/core/src/palw_gen_class_v1.rs::PalwGenClassV1	f3bc4ff4149568af
consensus/core/src/palw_gen_class_v1.rs::PalwGenEmbeddingOffersV1	244cc8300647ccf1
consensus/core/src/palw_gen_class_v1.rs::PalwGenGuidanceOfferV1	e4c6ed3d8b543c09
consensus/core/src/palw_gen_class_v1.rs::PalwGenImageInputRefV1	ad5a24a608e0da98
consensus/core/src/palw_gen_class_v1.rs::PalwGenImageOfferV1	2977bb837001d314
consensus/core/src/palw_gen_class_v1.rs::PalwGenImageOffersV1	60fc2aa9fa41585a
consensus/core/src/palw_gen_class_v1.rs::PalwGenOffersV1	1d455d7ad74a7d43
consensus/core/src/palw_gen_class_v1.rs::PalwGenProfileOffersV1	f7433809397fcd21
consensus/core/src/palw_gen_class_v1.rs::PalwGenScalarOfferV1	36508e79bb472ea5
consensus/core/src/palw_gen_class_v1.rs::PalwGenSourceRefV1	2562a3f45a3608e4
consensus/core/src/palw_gen_close_v1.rs::PalwGenBindingV1	944493ff195460dd
consensus/core/src/palw_gen_close_v1.rs::PalwGenConeCloseV1	24b1859f6ecd3f5f
consensus/core/src/palw_gen_close_v1.rs::PalwGenDecodeCloseV1	f4474d1d287fb0fb
consensus/core/src/palw_gen_close_v1.rs::PalwGenLeafOpeningV1	42898f508a7539fa
consensus/core/src/palw_gen_close_v1.rs::PalwGenOutputCloseV1	310d292ae6dbba8c
consensus/core/src/palw_gen_close_v1.rs::PalwGenRootClaimV1	8a2cd57c9fe77558
consensus/core/src/palw_gen_close_v1.rs::PalwGenStepBindingV1	cbbb5c9f4ca55888
consensus/core/src/palw_gen_close_v1.rs::PalwGenTensorBindingV1	dd9e6b41a98ec848
consensus/core/src/palw_gen_court_v1.rs::PalwGenImageTileV1	78a6defd89a2929d
consensus/core/src/palw_gen_job_v1.rs::PalwGenBodyV1	7edc82a5e8c5da4d
consensus/core/src/palw_gen_job_v1.rs::PalwGenEmbeddingBodyV1	e1694bd066271950
consensus/core/src/palw_gen_job_v1.rs::PalwGenEmbeddingInputV1	6ee2d0b1cae686cf
consensus/core/src/palw_gen_job_v1.rs::PalwGenImageBodyV1	7f8dc364d65a47a9
consensus/core/src/palw_gen_job_v1.rs::PalwGenJobV1	33e5896eec5e6751
consensus/core/src/palw_gen_job_v1.rs::PalwJobEnvelopeV1	eea9a592c5049e83
consensus/core/src/palw_gen_one_move_v1.rs::PalwGenOneMoveAccusationV1	b7f16ee7b5e37dd1
consensus/core/src/palw_gen_step_v1.rs::PalwGenLeafCoordV1	55bc775dd510fe50
consensus/core/src/palw_gen_step_v1.rs::PalwGenLeafKindV1	a5610ba2e3d745e1
consensus/core/src/palw_gen_step_v1.rs::PalwGenOpenedLeafV1	26c571f47821cfa1
consensus/core/src/palw_gen_v1.rs::PalwGenProfileV1	3184db33e5ef4afe
consensus/core/src/palw_gen_worker_v1.rs::PalwGenClaimRootsV1	f673000dc475fe4b
consensus/core/src/palw_held_close_v1.rs::PalwHeldLeafChallengeV1	c322ed06b9f78049
consensus/core/src/palw_held_da_v1.rs::PalwHeldAccusationV1	e05f0220f1c7762f
consensus/core/src/palw_held_da_v1.rs::PalwHeldDisclosureCarriageV1	4a72fc0087dde0e2
consensus/core/src/palw_held_da_v1.rs::PalwHeldDisclosureV1	6ae591f7bdd2c027
consensus/core/src/palw_held_da_v1.rs::PalwHeldMissingV1	b8f08dbefec90a3f
consensus/core/src/palw_improve_artifact_v1.rs::PalwTirArtifactRefV1	cfa7d4be0760c590
consensus/core/src/palw_improve_candidate_v1.rs::PalwCandidateDeclarationsV1	e1622fce06086518
consensus/core/src/palw_improve_candidate_v1.rs::PalwCandidateSubmissionV1	eb71ac7ce477a9ab
consensus/core/src/palw_improve_composite_v1.rs::PalwTirCompositeOpeningV1	4352f4c44e29e2a3
consensus/core/src/palw_improve_composite_v1.rs::PalwTirCompositeRefV1	877b3d33284da2a4
consensus/core/src/palw_improve_epoch_v1.rs::PalwMaterialKindV1	8dda97901bd5cc11
consensus/core/src/palw_improve_eval_court_v1.rs::PalwEvalConeCloseV1	5ca98a80e1f6fc0b
consensus/core/src/palw_improve_eval_court_v1.rs::PalwEvalDecodeCloseV1	7fe1a5857ea297de
consensus/core/src/palw_improve_eval_court_v1.rs::PalwEvalOutputCloseV1	c3ad2b3e37869174
consensus/core/src/palw_improve_eval_court_v1.rs::PalwEvalParamsV1	6e629442d880854f
consensus/core/src/palw_improve_eval_court_v1.rs::PalwEvalRootClaimV1	a3937fb1493cc4b6
consensus/core/src/palw_improve_eval_v1.rs::PalwEvalBindingV1	5024f73ebed16cc0
consensus/core/src/palw_improve_eval_v1.rs::PalwEvalClaimRefV1	fcba28b55ed57b11
consensus/core/src/palw_improve_eval_v1.rs::PalwEvalClaimTailV1	b1851b6c6a30a952
consensus/core/src/palw_improve_eval_v1.rs::PalwEvalJobStateV1	1e21b46a987b386d
consensus/core/src/palw_improve_eval_v1.rs::PalwEvalJobV1	95269c363e4673a8
consensus/core/src/palw_improve_eval_v1.rs::PalwEvalModeV1	5af0c7bec3d32002
consensus/core/src/palw_improve_eval_v1.rs::PalwEvalReadV1	eeefb48e939df021
consensus/core/src/palw_improve_eval_v1.rs::PalwEvalStageParamsV1	f03e98df4a63b689
consensus/core/src/palw_improve_eval_v1.rs::PalwJudgeTemplateV1	4bd2de8c8291033b
consensus/core/src/palw_improve_eval_v1.rs::PalwSuiteEntryV1	4ccd4e290ccc54dc
consensus/core/src/palw_improve_eval_v1.rs::PalwSuiteOpeningV1	c8686fd272a366a8
consensus/core/src/palw_improve_eval_v1.rs::PalwSuiteReferenceV1	907781d693033f3d
consensus/core/src/palw_improve_material_v1.rs::PalwCaseKeyRevealV1	f44decdd9e1e7ab4
consensus/core/src/palw_improve_material_v1.rs::PalwCaseReferenceV1	3509300dcb673a9f
consensus/core/src/palw_improve_material_v1.rs::PalwCaseSourceV1	d14b8d62976ec585
consensus/core/src/palw_improve_material_v1.rs::PalwDataUseOptInRecordV1	a9801eb854b623c5
consensus/core/src/palw_improve_material_v1.rs::PalwDataUseOptInV1	851d4dd64611b5d2
consensus/core/src/palw_improve_material_v1.rs::PalwDatasetRecordV1	d0f60238bef18baf
consensus/core/src/palw_improve_material_v1.rs::PalwDatasetV1	9e10fda7d98bbe12
consensus/core/src/palw_improve_material_v1.rs::PalwFpJobFactsV1	f457064cd2c95dd4
consensus/core/src/palw_improve_material_v1.rs::PalwHardCaseRecordV1	71690e8a768dd27e
consensus/core/src/palw_improve_material_v1.rs::PalwHardCaseV1	a0d95632949cdcbd
consensus/core/src/palw_improve_material_v1.rs::PalwSetterKeysRevealV1	0afd29fb73aaecea
consensus/core/src/palw_improve_material_v1.rs::PalwSetterSetCommitmentV1	87a1088577e0aef0
consensus/core/src/palw_improve_material_v1.rs::PalwSetterSetRecordV1	9d7e3f052027870d
consensus/core/src/palw_improve_material_v1.rs::PalwSetterSetRevealV1	1059fee0468a7c8d
consensus/core/src/palw_improve_material_v1.rs::PalwTeacherLicenceRecordV1	796b6a5f753b5014
consensus/core/src/palw_improve_material_v1.rs::PalwTeacherLicenceV1	c291a5446dd0b527
consensus/core/src/palw_improve_material_v1.rs::PalwTeachingArtifactCommitV1	f89ece148b1b66ea
consensus/core/src/palw_improve_material_v1.rs::PalwTeachingArtifactRecordV1	b724a5417924d213
consensus/core/src/palw_improve_material_v1.rs::PalwTeachingArtifactV1	055008e4a746a25a
consensus/core/src/palw_improve_state_v1.rs::PalwEpochCandidateV1	4d36a1e5879e6dcc
consensus/core/src/palw_improve_state_v1.rs::PalwEpochEscrowV1	d77f4d1f6942f4dd
consensus/core/src/palw_improve_state_v1.rs::PalwEpochRetireV1	1b74a994003438f0
consensus/core/src/palw_improve_state_v1.rs::PalwEpochStateV1	f88ea904b7870b00
consensus/core/src/palw_improve_state_v1.rs::PalwEpochTimesV1	31ac9ee9fd091a21
consensus/core/src/palw_improve_state_v1.rs::PalwEpochWindowsV1	ac7635fe7232a008
consensus/core/src/palw_improve_state_v1.rs::PalwEvalItemV1	d467866180fc6490
consensus/core/src/palw_improve_state_v1.rs::PalwEvalResultV1	334703c0c4de46d5
consensus/core/src/palw_improve_state_v1.rs::PalwEvalScoreV1	efc29991f7c1c04d
consensus/core/src/palw_improve_state_v1.rs::PalwEvalSpecV1	a522adee1d71d72d
consensus/core/src/palw_improve_state_v1.rs::PalwEvalSubjectV1	2521f6b57932ac25
consensus/core/src/palw_improve_state_v1.rs::PalwHeadCauseV1	72102a62cadf4431
consensus/core/src/palw_improve_state_v1.rs::PalwImprovementEpochV1	ac9d4d4e7ac73d14
consensus/core/src/palw_improve_state_v1.rs::PalwImprovementEpochViewV1	6feb2e3000c1fbb6
consensus/core/src/palw_improve_state_v1.rs::PalwImprovementFeesV1	dc5ccc75398e63ea
consensus/core/src/palw_improve_state_v1.rs::PalwImprovementLineStatusV1	57f7215418104a11
consensus/core/src/palw_improve_state_v1.rs::PalwImprovementLineV1	58760c5dfff6bde8
consensus/core/src/palw_improve_state_v1.rs::PalwImprovementPolicyRecordV1	231103426fca3ea7
consensus/core/src/palw_improve_state_v1.rs::PalwImprovementPolicySetV1	6408f5901000c6a0
consensus/core/src/palw_improve_state_v1.rs::PalwImprovementPolicyV1	2fb28854d5a6fe5f
consensus/core/src/palw_improve_state_v1.rs::PalwImprovementPoolFundingV1	f1734cb92289b17a
consensus/core/src/palw_improve_state_v1.rs::PalwImprovementPoolV1	4a98d882ab05491e
consensus/core/src/palw_improve_state_v1.rs::PalwImprovementUsageV1	2e2feda597cd8e27
consensus/core/src/palw_improve_state_v1.rs::PalwItemOutcomeV1	1da7d5c14ee11eba
consensus/core/src/palw_improve_state_v1.rs::PalwItemSourceV1	b6e410d59a4b54e4
consensus/core/src/palw_improve_state_v1.rs::PalwJudgeSpecV1	961c8c772ba57575
consensus/core/src/palw_improve_state_v1.rs::PalwLastPromotionV1	fe93ca58b9a751a8
consensus/core/src/palw_improve_state_v1.rs::PalwLineageHeadEntryV1	bd0a2fd8ef7d7c9f
consensus/core/src/palw_improve_state_v1.rs::PalwLineageRollbackV1	6cf89e984f7079e1
consensus/core/src/palw_improve_state_v1.rs::PalwMaterialFrontierV1	ad3296dc5a403963
consensus/core/src/palw_improve_state_v1.rs::PalwNoChangeReasonV1	89346126dd4679ed
consensus/core/src/palw_improve_state_v1.rs::PalwPairedCountsV1	25c6a66f8a097396
consensus/core/src/palw_improve_state_v1.rs::PalwPoolEntryV2	d8ed672db1f9c91c
consensus/core/src/palw_improve_state_v1.rs::PalwPromotionCountsV1	32b3c3f8ded9587b
consensus/core/src/palw_improve_state_v1.rs::PalwPromotionOutcomeV1	514af649452cec85
consensus/core/src/palw_improve_state_v1.rs::PalwProvenancePolicyV1	13645cb8489a367b
consensus/core/src/palw_improve_state_v1.rs::PalwRewardGrantV1	b7f60d825ed615b9
consensus/core/src/palw_improve_state_v1.rs::PalwRewardStageV1	d0b88757b5c498a4
consensus/core/src/palw_improve_state_v1.rs::PalwRollbackCauseV1	446ea50a78d58b99
consensus/core/src/palw_improve_state_v1.rs::PalwScoringKindV1	f1941d3c63e1ea36
consensus/core/src/palw_improve_state_v1.rs::PalwScoringParamsV1	02c9443914af0990
consensus/core/src/palw_improve_state_v1.rs::PalwScoringStageV1	54139cff268bc33e
consensus/core/src/palw_improve_state_v1.rs::PalwTeacherClassV1	9682ecccbd98d439
consensus/core/src/palw_improve_state_v1.rs::PalwTeachingArtifactKindV1	28688c87c3eed105
consensus/core/src/palw_improve_state_v1.rs::PalwTrustLabelV1	105534d654a3379f
consensus/core/src/palw_improve_state_v1.rs::PalwUsageMeasureV1	3dab3502cd571d21
consensus/core/src/palw_improve_state_v1.rs::PalwUsageThresholdV1	c7e890a821bcb9b0
consensus/core/src/palw_improve_state_v1.rs::PalwVerificationTypeV1	f210f7fb0a56abef
consensus/core/src/palw_issuance_slots_v1.rs::PalwIssuanceBucketV1	72dce3cdc923520b
consensus/core/src/palw_job_identity.rs::PalwAttestationVerdictV3	ed2bba601ec5d57e
consensus/core/src/palw_job_identity.rs::PalwJobAttestationClaimV3	92350294e1373e07
consensus/core/src/palw_job_identity.rs::PalwJobCommitmentClaimV3	0cff0cd53ba657e2
consensus/core/src/palw_job_ledger.rs::PalwEpochBudgetV3	00bcfcdbe50211ae
consensus/core/src/palw_job_ledger.rs::PalwExecutorCreditStateV3	612efade286256bb
consensus/core/src/palw_job_ledger.rs::PalwJobLedgerV3	426faf16cf94e491
consensus/core/src/palw_job_panel.rs::PalwPanelCandidateV3	32e7c28c883d7d53
consensus/core/src/palw_job_panel.rs::PalwPanelSeatV3	c2103acf4bbef89e
consensus/core/src/palw_job_state.rs::PalwDeadlinesV3	48aaa57fb8181328
consensus/core/src/palw_job_state.rs::PalwDualDeadlineV3	78f3188d6496aac0
consensus/core/src/palw_job_state.rs::PalwJobStateV3	66edb01d2d5c0b25
consensus/core/src/palw_job_state.rs::PalwJobStatusV3	4e2d0a05e49dde91
consensus/core/src/palw_kimi_k3_artifact_v1.rs::PalwKimiK3ArtifactHeaderV1	a00783891bc86dc6
consensus/core/src/palw_kimi_k3_profile.rs::PalwKimiK3GeometryV1	af9fa802fed9d61f
consensus/core/src/palw_layer_sample_v3.rs::PalwLayerSiteV3	7105641877478b99
consensus/core/src/palw_legs.rs::PalwActivationCoordinateV1	fe77271cd2e55cbc
consensus/core/src/palw_legs.rs::PalwActivationLeafV1	580f4efdcee9a8cc
consensus/core/src/palw_legs.rs::PalwActivationTapProfileV1	3196059bb9f134bb
consensus/core/src/palw_legs.rs::PalwCheckpointLeafV1	2e1456a3765b68d1
consensus/core/src/palw_legs.rs::PalwCheckpointProfileV1	7680e0d23c909da1
consensus/core/src/palw_legs.rs::PalwLegOpeningV1	05ca9dcb3eac498b
consensus/core/src/palw_legs.rs::PalwLegsBindingV1	d4ffb01b889856ea
consensus/core/src/palw_legs.rs::PalwLegsEvidenceV1	8731d39552aa9879
consensus/core/src/palw_legs.rs::PalwLegsFaultV1	cf70a9b55620a4c2
consensus/core/src/palw_legs.rs::PalwLegsJobResultV1	d5eee6eb724b5408
consensus/core/src/palw_legs.rs::PalwLegsOpeningAnswerV1	44b42dba4c4c0a03
consensus/core/src/palw_legs.rs::PalwLegsOpeningCallV1	9e6412c7be061768
consensus/core/src/palw_legs.rs::PalwLegsOpeningRequestV1	8ec3fc519155ce1c
consensus/core/src/palw_legs.rs::PalwLegsRefutationV1	62e730f62904bca9
consensus/core/src/palw_legs.rs::PalwOpenedActivationLeafV1	e814f5a6b9843540
consensus/core/src/palw_legs.rs::PalwOpenedCheckpointLeafV1	34e9bd8c42cd259c
consensus/core/src/palw_lifecycle_objects_v2.rs::PalwLifecycleTxPayloadV2	be79e56191879015
consensus/core/src/palw_measured_model_v1.rs::PalwMeasuredDeterministicV1	ad5cf2e50ec12cdb
consensus/core/src/palw_measured_model_v1.rs::PalwMeasuredModelV1	122d248a440ba13b
consensus/core/src/palw_measured_model_v1.rs::PalwMeasuredPlanV1	3a34ff2236090e63
consensus/core/src/palw_measured_model_v1.rs::PalwMeasuredRowV1	bffdd6cbdbadaf2e
consensus/core/src/palw_measured_model_v1.rs::PalwModelFamilyV1	43888c70c7870b55
consensus/core/src/palw_measured_model_v1.rs::PalwModelManifestV1	b73b89771554b637
consensus/core/src/palw_measured_model_v1.rs::PalwSelfReportedV1	8b66eccf6a51c266
consensus/core/src/palw_mesh_v1.rs::PalwAuditAssignmentV1	26a64551014b6adb
consensus/core/src/palw_mesh_v1.rs::PalwAuditOutcomeV1	8a34313e327e724e
consensus/core/src/palw_mesh_v1.rs::PalwAuditRowV1	ebc34c2cbac8b6fa
consensus/core/src/palw_mesh_v1.rs::PalwCappedClaimRowV1	eaa96c8d0a15dc15
consensus/core/src/palw_mesh_v1.rs::PalwMeshStateV1	a0e9bf3ee410acea
consensus/core/src/palw_mesh_v1.rs::PalwTrapCommittedV1	ea19fccb13044316
consensus/core/src/palw_mesh_v1.rs::PalwTrapRevealedV1	4ceb10c054fed83d
consensus/core/src/palw_mesh_v1.rs::PalwTrapRowV1	95883ad457a86da7
consensus/core/src/palw_mesh_v1.rs::PalwWitnessProfileRowV1	9d723a8cc56580ed
consensus/core/src/palw_mode_v2.rs::PalwBondParamsV2	a1fda95b40ef3262
consensus/core/src/palw_mode_v2.rs::PalwClassCatalogEntryV2	60650b2c0779d9f7
consensus/core/src/palw_mode_v2.rs::PalwClassCatalogV2	178bfe3f4e674bbe
consensus/core/src/palw_mode_v2.rs::PalwConsensusParamsV2	115048c3d87b2657
consensus/core/src/palw_mode_v2.rs::PalwCourtParamsV2	5b38e95caf71913c
consensus/core/src/palw_model_benefits_v1.rs::PalwModelBenefitPendingV1	3b7776dd074e481a
consensus/core/src/palw_model_benefits_v1.rs::PalwModelBenefitTierV1	c0f546cdcc929bfd
consensus/core/src/palw_model_benefits_v1.rs::PalwModelBenefitsV1	e6cc39870bd65be4
consensus/core/src/palw_model_lines_v1.rs::PalwArtifactOwnerV1	739aa3458228dd83
consensus/core/src/palw_model_lines_v1.rs::PalwModelEvaluationV1	8e914104c803b982
consensus/core/src/palw_model_lines_v1.rs::PalwModelLineStatusV1	3ebfb29bdb009644
consensus/core/src/palw_model_lines_v1.rs::PalwModelLineV1	953bec71f3918f46
consensus/core/src/palw_model_lines_v1.rs::PalwModelProposalV1	aef07f5ba2ab792d
consensus/core/src/palw_model_lines_v1.rs::PalwModelVersionV1	cde36bf69eb2a4e3
consensus/core/src/palw_model_lines_v1.rs::PalwVersionStatusV1	ec79f3536c3ccbae
consensus/core/src/palw_model_lines_v1.rs::PalwVersionUsageV1	24d2be113adf64d2
consensus/core/src/palw_model_market_v1.rs::impl BorshDeserialize for PalwModelMarketV1	1c41b963fe8cd481
consensus/core/src/palw_model_registry_v1.rs::PalwDerivedProfileV1	8d784baa7469567e
consensus/core/src/palw_model_registry_v1.rs::PalwModelLifecycleRowV1	73e715e9b07d4d7f
consensus/core/src/palw_model_registry_v1.rs::PalwModelLifecycleV1	6dfe6acbb68c8df8
consensus/core/src/palw_model_registry_v1.rs::PalwModelWorkV1	2210465574c09d54
consensus/core/src/palw_model_registry_v1.rs::PalwProbationMemoryV1	ac2839d74ba6a2d5
consensus/core/src/palw_model_registry_v1.rs::PalwSeatReadinessRowV1	4f6501f9acf60072
consensus/core/src/palw_offence_attribution_v1.rs::PalwExecutorRefutedEvidenceV1	35443a2f71fe360e
consensus/core/src/palw_offence_attribution_v1.rs::PalwFalseValidReceiptV1	aca7614b5288916c
consensus/core/src/palw_offence_attribution_v1.rs::PalwPanelFalseValidEvidenceV2	3bd86901c255f84a
consensus/core/src/palw_offence_attribution_v1.rs::PalwTirIdentityEvidenceV1	7a32bfa46078c0d1
consensus/core/src/palw_offence_v1.rs::PalwConsumedOffenceV1	b9e60d4976451b9c
consensus/core/src/palw_offence_v1.rs::PalwForgedOutputTiledProofV1	97580b5e66a379ed
consensus/core/src/palw_offence_v1.rs::PalwOffenceKindV1	e3cbe7d53aae72f3
consensus/core/src/palw_offence_v1.rs::PalwPanelContradictionV1	a4c5541f7fb79705
consensus/core/src/palw_offence_v1.rs::PalwPanelFalseValidEvidenceV1	2a579ff026e3c9ba
consensus/core/src/palw_offence_v1.rs::PalwPromptProofV1	0b9d25494453f6a4
consensus/core/src/palw_panel_v2.rs::PalwPanelParamsV2	708eba9356800790
consensus/core/src/palw_panel_v2.rs::PalwReceiptVerdictV2	735ce8fccd41be98
consensus/core/src/palw_panel_v2.rs::PalwSeatReceiptV2	0a28104b0a1f7ba4
consensus/core/src/palw_panel_v2.rs::PalwSeatReceiptV3	234d46308158dd0c
consensus/core/src/palw_panel_var_v1.rs::PalwPanelLiabilityRecordV1	e769adacb37671c2
consensus/core/src/palw_panel_var_v1.rs::PalwSlashableExposureLedgerV1	285003cd308764ef
consensus/core/src/palw_panel_var_v1.rs::PalwSlashableLockV1	73ab66f6d36f7fa8
consensus/core/src/palw_pipeline_da_v1.rs::PalwPipelineBindingV1	09deb2c89f2f8bc4
consensus/core/src/palw_pipeline_da_v1.rs::PalwPipelineEvalPartsV1	487cd2b2b7cda6bc
consensus/core/src/palw_pipeline_da_v1.rs::PalwPipelineGenPartsV1	379ffdf4b41061d0
consensus/core/src/palw_pipeline_da_v1.rs::PalwPipelineKindV1	1c843d634d9fb94b
consensus/core/src/palw_pipeline_da_v1.rs::PalwPipelineOutOfRangeV1	daaa959e2ae911ae
consensus/core/src/palw_pipeline_da_v1.rs::PalwPipelineStageTreeV1	19e99b3349aa8981
consensus/core/src/palw_pipeline_da_v1.rs::PalwPipelineStepAccusationV1	ce0502d290255410
consensus/core/src/palw_pipeline_da_v1.rs::PalwPipelineStepLeafDisclosureV1	6c427eed4d12fe91
consensus/core/src/palw_pipeline_da_v1.rs::PalwPipelineStepNodeDisclosureV1	b1c9ce18a046a438
consensus/core/src/palw_pipeline_da_v1.rs::PalwPipelineTensorPartsV1	ed513298265572f4
consensus/core/src/palw_pipeline_da_v1.rs::impl BorshDeserialize for PalwReservedObjectV1	6cf6387783e3efa7
consensus/core/src/palw_prompt_ids_v1.rs::PalwPromptIdsOpeningV1	4b849d8e9dbd92a0
consensus/core/src/palw_public_model_source_v1.rs::PalwPublicModelSourceV1	1f4b9d96ff9be089
consensus/core/src/palw_real_share_v1.rs::PalwFloorModeV1	a41cc294e7468c3c
consensus/core/src/palw_real_share_v1.rs::PalwFloorStateV1	10f036830c17d22c
consensus/core/src/palw_receipt.rs::PalwReceiptVerdictV1	75d5de94499e7456
consensus/core/src/palw_receipt.rs::PalwSampleCoordinateV1	04b27813e9119e37
consensus/core/src/palw_receipt.rs::PalwVerificationReceiptV1	11d84c4e1aa88fa6
consensus/core/src/palw_registry.rs::PalwAdjudicationDepthV1	e0d76ae1b07b2ee8
consensus/core/src/palw_registry.rs::PalwClassRegistrationV1	6b0aa8bc42a85f38
consensus/core/src/palw_registry.rs::PalwCommitmentFormV1	97afb0b8a1c58bcf
consensus/core/src/palw_reward_v2.rs::PalwRewardParamsV2	430de1f2c22c6e7a
consensus/core/src/palw_routing.rs::ModelDefinitionV1	8caa91f6f0bf314d
consensus/core/src/palw_routing.rs::PalwBindingCoverageStateV1	a2158263757b1581
consensus/core/src/palw_routing.rs::PalwExecutionFamilyManifestV1	ba317c9d66deca02
consensus/core/src/palw_routing.rs::PalwExecutionFamilyV1	73f98746db6e0394
consensus/core/src/palw_routing.rs::PalwModelBandV1	cea03bd195362c42
consensus/core/src/palw_routing.rs::PalwReadyBindingProofV1	4cf81bcda7ca050e
consensus/core/src/palw_routing.rs::PalwVerifierCapabilityV1	b9c90aa4ffa1d092
consensus/core/src/palw_schedule.rs::PalwLeverageRemedyV1	9bf0c28ea62ae89c
consensus/core/src/palw_schedule.rs::PalwReplayCostMeasurementV1	365d8eaa3d74c489
consensus/core/src/palw_schedule.rs::PalwScheduleParamsV1	70d7e75ee74b8ced
consensus/core/src/palw_seat_availability_v1.rs::PalwSeatAvailEpochV1	acec331492fa9243
consensus/core/src/palw_seat_availability_v1.rs::PalwSeatAvailabilityV1	2e9c2ea1fc8c44f0
consensus/core/src/palw_service_descriptor_v1.rs::PalwServiceDescriptorV1	513852dffb41fe0e
consensus/core/src/palw_shard_court_v1.rs::PalwLeafEvidenceV1	39c4df56bd48c827
consensus/core/src/palw_shard_court_v1.rs::PalwShardCourtAccusationV1	24eb6d19902e5ca8
consensus/core/src/palw_shard_licensing_v1.rs::PalwClassShardPlanV1	8852bd39099d17a4
consensus/core/src/palw_shard_licensing_v1.rs::PalwShardLicensingProgressV1	a05fa616b03cb18c
consensus/core/src/palw_shard_licensing_v1.rs::PalwShardReceiptPartV1	0c439c7f51638be5
consensus/core/src/palw_slash.rs::PalwClassContradictionCertificateV1	4c06e6dc71a10b37
consensus/core/src/palw_slash.rs::PalwExecutionAttestationV1	3d6e9a86828c0bcf
consensus/core/src/palw_slash.rs::PalwTraceEventOpeningV1	63f24253141e315a
consensus/core/src/palw_slash.rs::PalwTraceEventPreimageV1	9094c7f5fbfb8f8f
consensus/core/src/palw_slash.rs::PalwTraceEventRefutationV1	7002a6c9dba71212
consensus/core/src/palw_slash.rs::PalwTraceStructuralFaultV1	492e42fec2615a9e
consensus/core/src/palw_slash.rs::PalwTraceSummaryRefutationV1	f5cc559a7f4b2091
consensus/core/src/palw_state_chunk_map.rs::PalwGdnChunkKindV1	70a70582d6988d2a
consensus/core/src/palw_state_chunk_map.rs::PalwHybridChunkSectionV1	cdf46d9184964257
consensus/core/src/palw_state_chunk_map.rs::PalwStateChunkKindV1	f0b2fa335f0234f4
consensus/core/src/palw_state_v2.rs::PalwBlockContextV2	9716c592080972f8
consensus/core/src/palw_state_v2.rs::PalwBondKeyV2	f27377405aedafe9
consensus/core/src/palw_state_v2.rs::PalwBondStateV2	032c8deff9ab46d1
consensus/core/src/palw_state_v2.rs::PalwBondStatusV2	d736f7e2060899a8
consensus/core/src/palw_state_v2.rs::PalwCapabilityStateV2	47cd758c5e3bc416
consensus/core/src/palw_state_v2.rs::PalwCertificationEvidenceV1	7f593d236cfb34c0
consensus/core/src/palw_state_v2.rs::PalwCertifiedFamilyStateV2	de04254130aa901f
consensus/core/src/palw_state_v2.rs::PalwCertifiedLaneV1	3c175a662a63160a
consensus/core/src/palw_state_v2.rs::PalwClaimPhaseV2	0edbf45d0f1a63d5
consensus/core/src/palw_state_v2.rs::PalwClaimRcoreV1	770accfa7959bff6
consensus/core/src/palw_state_v2.rs::PalwClaimSourceV2	5ff5cd414f80d62a
consensus/core/src/palw_state_v2.rs::PalwClaimStateV2	92828ae2dc71dfbe
consensus/core/src/palw_state_v2.rs::PalwClassAdmissionCarriageV2	014e5d94b44160bd
consensus/core/src/palw_state_v2.rs::PalwClassFrozenV2	c849ceffb1865103
consensus/core/src/palw_state_v2.rs::PalwClassLaneCertificationV2	9e3bda274c50b106
consensus/core/src/palw_state_v2.rs::PalwClassStateV2	c6af36ec2a05828b
consensus/core/src/palw_state_v2.rs::PalwClassStatusV2	a24e136fba27ae17
consensus/core/src/palw_state_v2.rs::PalwClassTargetV2	3116a7b1946c27fb
consensus/core/src/palw_state_v2.rs::PalwClassWalkV2	2aa7f4943af94dd9
consensus/core/src/palw_state_v2.rs::PalwConsensusObjectV2	c9a362f3f8107397
consensus/core/src/palw_state_v2.rs::PalwCourtCloseGroupV2	835859719c79da3b
consensus/core/src/palw_state_v2.rs::PalwCourtSessionStateV2	e4e5f39b6cab6500
consensus/core/src/palw_state_v2.rs::PalwCourtSideV1	86d0d7db378f4e51
consensus/core/src/palw_state_v2.rs::PalwCourtVerdictV2	21102cfceb68090c
consensus/core/src/palw_state_v2.rs::PalwDeltaEntryV2	a03955213cde1ca2
consensus/core/src/palw_state_v2.rs::PalwEpochBudgetsV2	352314dd24c90395
consensus/core/src/palw_state_v2.rs::PalwEpochCounterV2	cc8b2b58483b3b16
consensus/core/src/palw_state_v2.rs::PalwFpClaimPromptV1	44e8ac7212941833
consensus/core/src/palw_state_v2.rs::PalwHeldForfeitV1	15c308ac77bed702
consensus/core/src/palw_state_v2.rs::PalwPanelDutyRowV1	6eeafb7a3400a83f
consensus/core/src/palw_state_v2.rs::PalwPanelSeatV2	2153106c8a637018
consensus/core/src/palw_state_v2.rs::PalwPanelStateV2	87d093931d3dcefc
consensus/core/src/palw_state_v2.rs::PalwPayoutV2	0e2f9767c17fe1ed
consensus/core/src/palw_state_v2.rs::PalwPendingChunksV2	29af197c05986389
consensus/core/src/palw_state_v2.rs::PalwPendingRewardV1	0f4ba9a309c7d670
consensus/core/src/palw_state_v2.rs::PalwPwuRuleV2	a28cfa46651582e9
consensus/core/src/palw_state_v2.rs::PalwReporterCommitV1	dcfda77cebb075c8
consensus/core/src/palw_state_v2.rs::PalwReporterCountersV1	d7c5eb1736b3928f
consensus/core/src/palw_state_v2.rs::PalwRewardWinnerV1	7f71747530865259
consensus/core/src/palw_state_v2.rs::PalwSeatAnswerV2	5318910b048daf06
consensus/core/src/palw_state_v2.rs::PalwSeatVerdictV2	da7127dfd5ce7be2
consensus/core/src/palw_state_v2.rs::PalwStateCarriageV2Legacy	84c768e8008e0d59
consensus/core/src/palw_state_v2.rs::PalwStateDeltaV2	9476ea8548348117
consensus/core/src/palw_state_v2.rs::PalwStateParamsV2	d3069dbd91f61d3c
consensus/core/src/palw_state_v2.rs::PalwVoidReasonV2	bc261808eb6f8574
consensus/core/src/palw_state_v2.rs::impl BorshDeserialize for PalwStateCarriageV2	d6fb4ca26da51e39
consensus/core/src/palw_step.rs::PalwContractionFactV1	7b606c46650e2274
consensus/core/src/palw_step.rs::PalwContractionSiteV1	937a9aee0e1148ca
consensus/core/src/palw_step.rs::PalwLayerKindV1	17094b1baa7c1889
consensus/core/src/palw_step.rs::PalwShapeProfileV3	f5b1877825a86a4b
consensus/core/src/palw_step.rs::PalwStepCoordinateV1	0e44c0c302b6710f
consensus/core/src/palw_step.rs::PalwStepLaneV1	f677c33eb966f5db
consensus/core/src/palw_step.rs::PalwStepNodeRoleV1	8ef40a964696d53e
consensus/core/src/palw_step.rs::PalwStepNodeV1	0535ae0a49a270da
consensus/core/src/palw_step.rs::PalwStepOpKindV1	1dd7229211395d19
consensus/core/src/palw_step.rs::PalwStepOutLenV1	fcbd51a072440680
consensus/core/src/palw_step.rs::PalwTranscendentalBindingV1	95c41e0440989654
consensus/core/src/palw_step.rs::PalwTranscendentalSiteV1	529406bfb3ac52a7
consensus/core/src/palw_step_leg.rs::PalwCheckpointLeafV2	2f5099c142a74a7b
consensus/core/src/palw_step_leg.rs::PalwKvChunkLeafV1	fc39b7bce4ba6bed
consensus/core/src/palw_step_leg.rs::PalwStepBindingV2	3871272d93bf6669
consensus/core/src/palw_step_leg.rs::PalwStepEvidenceV1	0f190492d37c3af2
consensus/core/src/palw_step_leg.rs::PalwStepFaultV1	60d3a2ef9ef191f3
consensus/core/src/palw_step_leg.rs::PalwStepOpeningV1	5d85e21df4b4fdd6
consensus/core/src/palw_step_leg.rs::PalwStepRangeOpeningV1	d193186e7335f804
consensus/core/src/palw_step_leg.rs::PalwStepRefutationV1	ba7986872be972c9
consensus/core/src/palw_step_leg.rs::PalwStepTileLeafV1	6a4955e09cd1a553
consensus/core/src/palw_step_refute.rs::PalwBase0DecodeTokensV1	f679befbf457d706
consensus/core/src/palw_step_refute.rs::PalwCheckpointKvOperandsV1	21aba1d529ab039a
consensus/core/src/palw_step_refute.rs::PalwDecodeTokenPinV1	c41b060e6565be87
consensus/core/src/palw_step_refute.rs::PalwDecodeTokensV1	e17e722d96190807
consensus/core/src/palw_step_refute.rs::PalwExecutionStepRefutationV1	3aaabdd7155c09d8
consensus/core/src/palw_step_refute.rs::PalwStepInputOpeningV1	33a7c1d312136fdb
consensus/core/src/palw_step_refute.rs::PalwStepInputRowV1	bf995cf064177692
consensus/core/src/palw_step_refute.rs::PalwTiledDecodePinV1	311708f45a100ebb
consensus/core/src/palw_step_refute.rs::PalwTiledDecodeTokensV1	2d97a42ce4a73597
consensus/core/src/palw_step_refute.rs::PalwTraceEventDisclosureV1	de83606f4919ab57
consensus/core/src/palw_terminal.rs::PalwTerminalOpeningV1	bbce2f90ca48a775
consensus/core/src/palw_tir_admission_v1.rs::PalwTirClassRecordV1	71c40798236095cd
consensus/core/src/palw_tir_attempt_v1.rs::PalwTirJobFactsV1	22f761d4ec909896
consensus/core/src/palw_tir_certify_v1.rs::PalwTirE2eDrillEvidenceV1	8fdec78ce46d2879
consensus/core/src/palw_tir_certify_v1.rs::PalwTirE2eFaultVectorV1	7beb77f64f8ec22c
consensus/core/src/palw_tir_class_v1.rs::PalwTirAdmissionCarriageV1	b54aa18e394aba31
consensus/core/src/palw_tir_class_v1.rs::PalwTirClassV1	6211e47dcc95d44c
consensus/core/src/palw_tir_class_v1.rs::PalwTirLayoutV1	8a547fd04d675a49
consensus/core/src/palw_tir_court_v1.rs::PalwTirConeRefutationV1	3f4d00d44188ed74
consensus/core/src/palw_tir_court_v1.rs::PalwTirLogitsConsistencyV1	ae44cf17f93d3dd9
consensus/core/src/palw_tir_court_v1.rs::PalwTirParamOpeningV1	377f8a44a28b1a8a
consensus/core/src/palw_tir_court_v1.rs::PalwTirRowNodeDisclosureV1	3f3b64bd48919ddb
consensus/core/src/palw_tir_court_v1.rs::PalwTirStepLeafDisclosureV1	cce9be47225fa954
consensus/core/src/palw_tir_court_v1.rs::PalwTirStepNodeDisclosureV1	c7e061bc62159e66
consensus/core/src/palw_tir_court_v1.rs::PalwTirStepRunDisclosureV1	390d7008f045dd77
consensus/core/src/palw_tir_court_v1.rs::PalwTirTraceEventDisclosureV1	01a6da142dd035c2
consensus/core/src/palw_tir_court_v1.rs::PalwTirTraceLanesV1	a8e78ecb76983021
consensus/core/src/palw_tir_dissect_v1.rs::PalwTirDissectChoiceV1	fd73ebd6f56cb6ef
consensus/core/src/palw_tir_dissect_v1.rs::PalwTirDissectPhaseV1	70a7c63dbbdced5d
consensus/core/src/palw_tir_dissect_v1.rs::PalwTirDissectRoundV1	eee5407af0a445ab
consensus/core/src/palw_tir_dissect_v1.rs::PalwTirFoldV1	c17eea003707224d
consensus/core/src/palw_tir_dissect_v1.rs::PalwTirRangeClaimV1	0c5e8877a7181036
consensus/core/src/palw_tir_dissect_v1.rs::PalwTirRootClaimV1	d32511c818c51b7c
consensus/core/src/palw_tir_one_move_v1.rs::PalwTirOneMoveAccusationV1	933e9410fd6a4ed6
consensus/core/src/palw_tir_shard_v1.rs::PalwSeatReceiptV4	44302beed7924c76
consensus/core/src/palw_tir_shard_v1.rs::PalwTirShardClaimV1	e103064ea91b1d70
consensus/core/src/palw_tir_shard_v1.rs::PalwTirShardPartV1	4e2bec506b096004
consensus/core/src/palw_tir_shard_v1.rs::PalwTirShardPlanV1	1af251658b8ad342
consensus/core/src/palw_tir_step_v1.rs::PalwTirStepBindingV1	54f9a0ca4321687c
consensus/core/src/palw_v2.rs::PalwAgentHealthV1	24b746484d2f05d2
consensus/core/src/palw_v2.rs::PalwAgentRequestV1	3e9a583d2acc1475
consensus/core/src/palw_v2.rs::PalwAgentResponseV1	87f9ec27e4d400bf
consensus/core/src/palw_v2.rs::PalwAgentStateV1	b1530aecfb75ba09
consensus/core/src/palw_v2.rs::PalwGoldenExpectedV2	11079483ef0011e2
consensus/core/src/palw_v2.rs::PalwGoldenJobV2	e14430e7d3733f3b
consensus/core/src/palw_v2.rs::PalwGoldenVectorSetV2	6f83106178aa1aba
consensus/core/src/palw_v2.rs::PalwJobContextV2	7d6c8ceaffed8b12
consensus/core/src/palw_v2.rs::PalwJobEnvelopeV2	3cad8b05ecaf3e2c
consensus/core/src/palw_v2.rs::PalwJobModeV2	4ec87149a7b602b5
consensus/core/src/palw_v2.rs::PalwJobResultV2	060071cde916fec6
consensus/core/src/palw_v2.rs::PalwJobTelemetryV2	02616494398088b3
consensus/core/src/palw_v2.rs::PalwLogitsDtypeV2	7d6fe2b3dbe23745
consensus/core/src/palw_v2.rs::PalwResultProjectionV2	fe09110e50785fbb
consensus/core/src/palw_v2.rs::PalwRuntimeManifestV2	66b3015ffef0fd7c
consensus/core/src/palw_v2.rs::PalwStopReasonV2	b9a9ba2ff51b92cb
consensus/core/src/palw_v2.rs::PalwTraceCommitmentV2	060af82bba94bb0c
consensus/core/src/palw_v2.rs::PalwTraceEventOpeningV2	1ec9868d8543389f
consensus/core/src/palw_v2.rs::PalwTracePhaseV2	6d122a62b0a09551
consensus/core/src/palw_v2.rs::PalwTraceSummaryV2	9f465463f87bf4c5
consensus/core/src/palw_verification_v2.rs::PalwSegmentMaskV2	8f0a79148008244a
consensus/core/src/palw_vertex_v1.rs::PalwClaimRefV1	867e4d163365694a
consensus/core/src/palw_vertex_v1.rs::PalwVerificationVertexV1	921fb57333978120
consensus/core/src/palw_vertex_v1.rs::PalwVertexCountedV1	15dd60d5e2cfa209
consensus/core/src/palw_vertex_v1.rs::PalwVertexEquivocationV1	49df0071756c8740
consensus/core/src/palw_vertex_v1.rs::PalwVertexHeaderV1	e6ea7e06c2a99605
consensus/core/src/palw_vertex_v1.rs::PalwVertexHeldRowV1	98f13a830b14e5a2
consensus/core/src/palw_vertex_v1.rs::PalwVertexLeafV1	2a2f9d022f94704a
consensus/core/src/palw_vertex_v1.rs::PalwVertexRoundRowV1	dc3c3936b5c365b5
consensus/core/src/palw_vertex_v1.rs::PalwVertexStateV1	59dc1efd120c4611
consensus/core/src/palw_vertex_v1.rs::PalwVertexTallyV1	dae25ce5aef4d049
consensus/core/src/palw_vesting_v1.rs::PalwVestingCountersV1	7e77a47ba75eeada
consensus/core/src/palw_vesting_v1.rs::PalwVestingLegKindV1	f0e24ff6c803cb37
consensus/core/src/palw_vesting_v1.rs::PalwVestingLegV1	077f716401611d91
consensus/core/src/palw_vesting_v1.rs::PalwVestingNoteV1	0dac41d08fdd21d1
consensus/core/src/palw_vesting_v1.rs::PalwVestingRowV1	896614dca26b804e
consensus/core/src/palw_vesting_v1.rs::PalwVestingSourceV1	3e3163979021ae69
consensus/core/src/palw_weight.rs::PalwWeightFactsV1	ca509913b9d5a342
consensus/core/src/palw_weight.rs::PalwWeightParamsV1	e5f24a93c3c20424
consensus/core/src/palw_weight.rs::PalwWorkRampStageV1	aa9ba52bcda15086
consensus/core/src/palw_work_target_v1.rs::PalwWorkTargetV2	2769fc90c947a8ae
consensus/core/src/subnets.rs::SubnetworkId	9aa9f80ff5846bd1
consensus/core/src/token.rs::TokenBurnPayload	2851d7fe43bc40f9
consensus/core/src/token.rs::TokenParams	ef879c9a1b7df1fa
consensus/core/src/token.rs::TokenTransferPayload	77a77bdb839b54a6
consensus/core/src/tx.rs::Transaction	9e7f439abce420a6
consensus/core/src/tx.rs::TransactionInput	bab85bf4e2ad97e6
consensus/core/src/tx.rs::TransactionOutpoint	6d5a0bcc400e8757
consensus/core/src/tx.rs::TransactionOutput	aada2c9881a15053
consensus/core/src/tx.rs::UtxoEntry	dec43c66f5e54528
consensus/core/src/tx.rs::impl BorshDeserialize for TransactionMass	a013868555eba57e
consensus/core/src/tx/script_public_key.rs::impl BorshDeserialize for ScriptPublicKey	ca33ef547c673d52
consensus/core/src/vlt.rs::ComputeCapabilityPayload	42b13d20f6873b4c
consensus/core/src/vlt.rs::ComputeCertificatePayload	d3e6362b079cc2fa
consensus/core/src/vlt.rs::ComputeChallengePayload	f79d736a3d1980fa
consensus/core/src/vlt.rs::ComputeCommitmentPayload	b88de5f71bf7add0
consensus/core/src/vlt.rs::ComputeFraudKind	3029809d1ff7b3ce
consensus/core/src/vlt.rs::ComputeReceipt	f8f5a7a7f21d3792
consensus/core/src/vlt.rs::ComputeVerdictPayload	33d1c03f6bf9faa5
consensus/core/src/vlt.rs::LlmJobSpec	2011aa39df483dcb
consensus/core/src/vlt.rs::ModelCostEntry	0e95acf71539fcbb
consensus/core/src/vlt.rs::ModelCostTable	b5f6c5452bcf4686
consensus/core/src/vlt.rs::QuantizationProfile	8f61816c5d1534ba
consensus/core/src/vlt.rs::ReplayProof	756557d3c737f7c3
consensus/core/src/vlt.rs::ReplayResiduals	911f45a6f4ef5b9e
consensus/core/src/vlt.rs::VerificationScheme	f079d6df533e82a5
consensus/core/src/vlt.rs::VerificationVerdict	9f15331b01a995d1
consensus/core/src/vlt.rs::VerifierAttestation	2b1344a8ef9400cf
consensus/core/src/vlt.rs::VltParams	99232cb49eadbd23
crypto/hashes/src/evm_h256.rs::EvmH256	925103fe3fccc55d
crypto/hashes/src/hash64.rs::Hash64	bac79ee88b5d072e
crypto/hashes/src/lib.rs::Hash	36d8d3b5a83e254e
misaka-palw-gen/src/output.rs::OutputKindV1	6f1cfdb52993026e
misaka-palw-gen/src/output.rs::OutputSpecV1	86515efaf04867ac
misaka-palw-tir-exec/src/node/annex.rs::PalwTirAnnexTraceV1	b16b444d803d7c30
misaka-palw-tir-exec/src/node/annex.rs::PalwTirLeafAnnexV1	3e1fc6d5946cf45b
misaka-palw-tir-exec/src/node/backend.rs::TirCaptureV1	43b5ade80434ba5b
misaka-palw-tir/src/pipeline.rs::Binding	402307e26c2bb8a0
misaka-palw-tir/src/pipeline.rs::StageDecl	32fb876b9979d25c
misaka-palw-tir/src/pipeline.rs::TirPipelineV1	df7270d4de0df59f
misaka-palw-tir/src/pipeline.rs::TokenPad	8afdd7655c6b371a
misaka-palw-tir/src/pipeline.rs::TokenRule	d5ff4879754a1ff9
misaka-palw-tir/src/pipeline.rs::TokenSource	8d6b0f534859ef51
misaka-palw-tir/src/pipeline.rs::TripRule	89674cbe2606fbba
misaka-palw-tir/src/prim.rs::Cmp	2e277538129c9189
misaka-palw-tir/src/prim.rs::Prim	3e72c15aa833a60d
misaka-palw-tir/src/prim.rs::Rounding	7684ce89f538b817
misaka-palw-tir/src/program.rs::Block	7f4f2c34472b24a4
misaka-palw-tir/src/program.rs::ConstDecl	b96734f522681252
misaka-palw-tir/src/program.rs::Node	43735f901f458f94
misaka-palw-tir/src/program.rs::ParamDecl	57821abe6ade5df1
misaka-palw-tir/src/program.rs::Ref	b871517b69c1128e
misaka-palw-tir/src/program.rs::Schedule	935bd7ef74125ebc
misaka-palw-tir/src/program.rs::StateDecl	852c13698c7a5d2d
misaka-palw-tir/src/program.rs::StateKind	10891ca919d752a1
misaka-palw-tir/src/program.rs::TirProgramV1	69f78f6a9abc4f65
misaka-palw-tir/src/program_v2.rs::InputDecl	ae8aa3db94fb6ac3
misaka-palw-tir/src/program_v2.rs::InputSource	6792f0cf86cbdcc4
misaka-palw-tir/src/program_v2.rs::OutputDecl	f59de0981f2250bf
misaka-palw-tir/src/program_v2.rs::RandomDist	dccad3b3e64c4d15
misaka-palw-tir/src/program_v2.rs::TirProgramV2	97fdf0339dc1174d
misaka-palw-tir/src/scoring.rs::ScoringKindV1	775d8d6fcde48152
misaka-palw-tir/src/types.rs::DType	7d9cf96151c99dd5
misaka-palw-tir/src/types.rs::Dim	eed8f67e061957b3
misaka-palw-tir/src/types.rs::TensorType	4950e6630f9068fa
